sale_id,date,customer_key,product_key,sales_rep_key,region_key,vendor_key,amount,units
2,2022-01-01,518,7,35,402,495,63927.25,15
16,2022-01-05,317,1,82,400,990,43155.43,20
17,2022-01-05,373,8,150,402,509,90271.18,1
33,2022-01-09,21,8,131,401,331,83850.94,11
39,2022-01-12,235,2,42,401,563,167489.03,6
61,2022-01-17,213,11,61,400,165,150409.09,6
67,2022-01-18,578,12,8,401,129,61173.99,9
69,2022-01-19,762,11,13,401,317,89325.13,10
71,2022-01-19,321,14,134,400,246,123331.95,10
73,2022-01-20,23,11,30,401,118,132003.46,16
84,2022-01-22,408,15,182,400,822,28815.96,1
90,2022-01-23,747,13,188,403,292,18644.76,20
93,2022-01-24,240,6,95,400,316,82071.41,7
94,2022-01-24,211,4,83,402,589,8267.46,19
109,2022-01-26,866,5,22,400,728,73846.76,7
115,2022-01-27,229,6,59,401,742,74850.97,5
119,2022-01-28,543,12,132,402,965,97041.52,7
129,2022-02-01,255,6,81,401,758,123039.08,3
131,2022-02-01,237,15,50,403,454,149725.2,13
133,2022-02-02,48,15,73,400,894,190888.03,12
136,2022-02-02,859,6,190,400,706,51497.33,4
144,2022-02-04,443,15,44,402,795,37181.12,17
149,2022-02-06,182,1,22,403,167,192293.97,19
164,2022-02-09,74,2,154,401,786,118680.99,1
168,2022-02-10,86,8,34,402,598,29114.64,9
172,2022-02-11,414,15,46,403,815,288090.05,7
174,2022-02-11,986,7,189,403,394,22186.36,2
179,2022-02-13,614,4,172,400,512,115009.59,9
182,2022-02-14,880,10,95,400,486,47121.33,19
191,2022-02-15,319,3,134,401,454,33713.95,7
194,2022-02-16,940,13,54,401,212,88882.22,11
196,2022-02-16,906,2,140,400,452,125285.47,14
200,2022-02-17,319,3,161,402,593,49626.85,17
201,2022-02-17,355,3,143,403,464,110297.46,16
210,2022-02-19,570,9,4,402,973,55190.6,16
224,2022-02-23,845,7,19,403,506,23389.46,12
230,2022-02-26,602,1,42,403,150,279268.96,14
233,2022-02-26,417,8,197,402,111,104549.25,14
241,2022-03-01,250,1,143,401,10,136131.49,17
244,2022-03-02,127,14,132,402,445,192116.71,16
255,2022-03-05,403,14,158,402,530,129954.8,3
274,2022-03-08,610,6,188,401,46,140418.63,18
280,2022-03-10,103,6,189,401,738,139497.47,20
281,2022-03-11,375,10,122,402,755,149193.2,12
292,2022-03-14,840,13,155,400,965,93246.13,19
294,2022-03-15,257,13,151,403,773,23522.98,19
305,2022-03-16,655,13,53,400,259,163283.31,19
306,2022-03-17,985,8,70,403,507,201382.34,13
311,2022-03-18,182,1,138,402,3,135630.2,16
312,2022-03-18,697,6,21,403,43,284347.7,16
314,2022-03-19,291,1,140,401,830,90334.92,12
327,2022-03-21,162,8,133,400,590,186160.31,9
330,2022-03-21,981,1,186,402,852,209657.01,16
332,2022-03-22,996,10,121,401,73,158630.96,6
336,2022-03-23,107,15,113,402,983,30902.31,15
343,2022-03-25,873,12,57,401,117,176506.68,11
345,2022-03-25,969,6,15,403,816,126369.23,13
347,2022-03-25,60,14,6,401,382,62449.66,12
350,2022-03-27,372,6,12,401,164,11196.58,3
354,2022-03-28,207,15,157,403,508,264800.85,8
359,2022-04-01,636,10,192,400,168,113739.73,20
367,2022-04-03,325,7,159,402,563,90785.03,1
385,2022-04-08,590,1,166,400,611,63883.28,6
386,2022-04-08,112,15,86,401,544,25174.8,5
387,2022-04-08,405,6,23,402,473,191312.32,18
401,2022-04-10,624,10,25,401,567,61386.6,17
402,2022-04-11,241,5,16,403,382,241244.6,1
408,2022-04-12,955,15,47,402,367,60955.33,20
412,2022-04-13,627,4,58,401,939,117529.3,19
419,2022-04-15,596,2,101,403,858,254910.65,4
421,2022-04-15,307,8,124,402,309,37806.63,13
424,2022-04-16,916,9,44,400,128,75605.11,11
429,2022-04-18,504,11,156,401,984,132039.05,16
431,2022-04-19,181,4,24,403,70,60812.27,5
435,2022-04-20,245,3,69,403,698,291865.66,12
439,2022-04-22,69,9,122,401,42,28310.48,12
466,2022-04-29,816,10,28,402,225,157349.0,13
467,2022-04-29,442,15,76,400,454,105788.4,15
474,2022-05-01,495,10,7,400,110,18207.67,14
476,2022-05-02,464,3,166,401,809,147948.23,8
480,2022-05-02,57,3,106,401,520,6891.53,19
484,2022-05-02,251,4,130,403,673,77719.37,19
487,2022-05-03,89,12,19,400,410,170218.8,9
489,2022-05-03,479,14,181,403,94,270548.13,15
493,2022-05-04,480,6,169,403,360,221330.22,7
505,2022-05-06,969,3,145,400,647,132240.5,16
509,2022-05-07,524,10,26,400,95,20005.11,3
512,2022-05-07,523,6,150,400,499,5470.23,14
515,2022-05-08,177,9,120,400,979,72205.64,18
522,2022-05-09,799,8,27,403,840,89313.96,11
531,2022-05-11,936,3,110,401,515,69483.09,12
536,2022-05-12,777,6,54,400,925,117490.69,1
542,2022-05-13,298,8,3,402,971,142758.07,13
545,2022-05-13,270,4,53,403,494,107457.43,10
548,2022-05-14,545,5,4,402,468,98650.3,14
549,2022-05-15,762,2,25,400,606,113739.73,18
557,2022-05-17,538,8,152,403,281,253841.31,12
563,2022-05-17,792,5,111,400,404,158692.37,6
564,2022-05-18,453,3,191,403,681,153334.02,16
577,2022-05-19,715,14,115,401,884,25653.06,8
579,2022-05-20,829,14,2,402,93,13339.68,13
585,2022-05-22,112,15,34,402,532,123117.47,14
587,2022-05-22,1000,5,158,400,295,28151.6,9
599,2022-05-24,657,4,4,403,984,161219.53,7
601,2022-05-25,355,4,36,402,457,173235.85,20
612,2022-05-27,544,4,124,401,114,156540.42,5
614,2022-05-27,608,11,21,401,642,26503.51,18
615,2022-05-27,197,1,15,403,90,64320.84,4
616,2022-05-27,134,9,107,401,469,107236.21,4
617,2022-05-28,483,1,40,400,142,98774.98,20
618,2022-05-28,710,14,144,401,109,170235.08,16
619,2022-05-28,286,11,180,401,192,79829.21,10
620,2022-05-28,348,9,122,401,740,73752.55,6
622,2022-05-28,535,3,156,400,859,93109.35,20
629,2022-05-29,936,8,144,402,663,26232.28,8
630,2022-05-29,153,15,113,400,884,18520.31,15
635,2022-06-01,421,1,54,401,13,172024.38,2
648,2022-06-03,396,8,36,401,895,139993.64,8
650,2022-06-03,362,5,52,402,658,161080.42,13
654,2022-06-03,297,11,84,400,258,186218.93,5
678,2022-06-05,603,15,196,402,121,38298.15,12
695,2022-06-07,807,12,95,400,946,173969.76,14
706,2022-06-08,210,11,31,402,985,21696.47,1
709,2022-06-08,810,2,155,401,462,3915.19,1
712,2022-06-09,627,15,134,401,783,25971.98,9
715,2022-06-09,163,7,199,401,993,113029.55,10
724,2022-06-09,400,8,104,401,999,18974.15,8
739,2022-06-11,634,6,86,401,741,7228.12,7
742,2022-06-11,941,9,174,400,997,43526.69,15
756,2022-06-12,877,1,44,400,780,58862.47,17
766,2022-06-13,959,7,175,403,731,61647.6,16
767,2022-06-13,813,2,163,403,368,41967.22,13
783,2022-06-14,437,14,4,400,663,181999.02,5
791,2022-06-15,860,12,109,401,811,156700.0,15
800,2022-06-16,881,13,105,401,314,170359.07,3
820,2022-06-18,987,11,162,400,733,171039.24,6
824,2022-06-19,850,14,147,403,345,291665.38,12
834,2022-06-20,52,6,70,403,144,76884.04,5
846,2022-06-21,353,10,40,401,838,176028.42,8
858,2022-06-22,410,3,134,401,45,167134.76,2
862,2022-06-22,450,4,179,401,702,112214.46,17
867,2022-06-22,421,10,171,400,366,103033.74,2
878,2022-06-24,508,1,198,401,825,28186.5,9
885,2022-06-24,526,12,11,401,406,112055.11,17
925,2022-06-27,977,3,101,400,583,118135.27,10
933,2022-06-28,48,13,120,402,631,152723.64,12
935,2022-06-28,135,5,68,401,899,97067.1,5
936,2022-06-28,781,13,10,400,664,61441.26,6
952,2022-07-01,810,12,90,400,959,191278.83,9
960,2022-07-01,635,13,110,402,114,178620.71,14
965,2022-07-01,258,13,192,400,144,154160.05,9
971,2022-07-02,286,14,45,402,707,32801.63,11
976,2022-07-03,217,5,83,403,732,315255.12,19
979,2022-07-03,895,3,5,402,502,60977.66,20
988,2022-07-03,444,2,38,401,266,16635.64,10
989,2022-07-03,982,14,58,401,313,70297.94,9
991,2022-07-04,587,10,106,403,659,329756.5,4
1024,2022-07-06,657,7,120,401,828,87978.74,13
1033,2022-07-07,650,14,60,403,596,14768.65,14
1034,2022-07-07,307,12,104,402,408,135585.54,2
1065,2022-07-09,630,3,18,401,743,90210.93,7
1077,2022-07-11,564,1,66,401,551,118308.8,17
1083,2022-07-11,580,12,78,402,738,33561.12,16
1091,2022-07-13,795,6,110,403,237,133319.38,19
1093,2022-07-13,703,15,118,402,73,74697.21,20
1095,2022-07-13,721,8,193,401,77,153812.29,7
1098,2022-07-13,375,7,141,403,276,81662.24,8
1106,2022-07-14,187,13,175,403,706,90583.59,15
1111,2022-07-14,925,14,188,401,575,146707.91,5
1115,2022-07-15,982,7,48,401,987,138965.94,9
1117,2022-07-15,853,3,107,402,687,47057.13,7
1126,2022-07-16,693,8,24,402,20,55212.93,19
1131,2022-07-16,302,10,142,400,54,183581.51,12
1147,2022-07-18,410,9,110,402,517,129574.94,14
1151,2022-07-18,290,2,46,402,1000,76462.31,3
1152,2022-07-18,342,4,138,403,23,184308.21,11
1157,2022-07-19,938,13,191,400,599,75897.98,20
1158,2022-07-19,75,8,80,400,568,98403.72,10
1168,2022-07-19,977,7,66,403,308,255110.93,2
1169,2022-07-19,8,9,39,402,792,127117.1,6
1181,2022-07-20,283,3,83,401,29,54920.3,7
1186,2022-07-21,470,13,186,403,358,96564.65,14
1198,2022-07-22,209,14,196,403,806,151763.39,19
1199,2022-07-22,230,14,54,402,839,56888.71,6
1203,2022-07-22,684,10,73,402,574,117553.73,9
1204,2022-07-22,957,5,18,402,624,77333.93,14
1218,2022-07-25,266,2,15,400,316,177935.42,11
1227,2022-07-26,950,1,108,402,61,105688.84,11
1231,2022-07-26,378,2,36,402,375,90047.64,2
1241,2022-07-27,542,13,1,400,791,27311.62,13
1256,2022-07-28,429,14,162,403,637,315321.88,4
1273,2022-07-29,208,1,36,402,341,58497.49,8
1285,2022-08-01,467,7,152,401,133,139657.04,4
1288,2022-08-02,203,7,35,403,589,237234.98,7
1308,2022-08-04,248,11,112,401,223,163715.51,5
1336,2022-08-07,386,3,150,403,520,85137.31,10
1344,2022-08-07,788,6,104,403,359,312047.33,8
1349,2022-08-08,847,10,26,402,978,66072.21,7
1351,2022-08-08,535,6,148,401,827,114234.28,15
1360,2022-08-09,798,4,152,402,859,197613.47,17
1370,2022-08-10,941,8,107,400,901,117256.21,5
1381,2022-08-11,879,13,22,400,354,166956.11,15
1384,2022-08-11,127,14,80,402,473,186999.83,10
1397,2022-08-12,934,14,132,401,961,163077.67,4
1398,2022-08-12,229,9,30,400,808,38662.19,19
1403,2022-08-13,944,1,153,401,185,79102.98,9
1406,2022-08-13,508,10,121,400,306,185808.59,1
1409,2022-08-13,23,8,21,403,572,310710.94,5
1420,2022-08-14,161,11,94,400,759,35008.94,1
1421,2022-08-14,12,12,80,401,545,44786.55,13
1435,2022-08-16,365,9,108,402,312,3351.55,5
1438,2022-08-16,131,6,160,400,51,142789.94,16
1443,2022-08-16,998,12,97,400,499,77793.11,5
1461,2022-08-18,518,11,66,400,542,100318.4,7
1463,2022-08-19,505,15,145,402,252,137663.51,3
1472,2022-08-20,883,13,11,400,441,86682.13,16
1477,2022-08-20,927,9,43,402,130,92349.15,17
1485,2022-08-21,984,4,147,402,754,221030.37,18
1520,2022-08-24,968,7,84,401,58,127893.34,15
1531,2022-08-25,646,8,112,403,155,121023.22,15
1532,2022-08-25,381,6,196,402,622,197926.34,19
1533,2022-08-25,781,3,136,400,670,186492.49,16
1539,2022-08-26,927,10,198,400,855,175981.9,10
1541,2022-08-26,872,5,32,401,353,79191.38,5
1546,2022-08-26,897,4,1,403,697,61046.28,15
1547,2022-08-26,425,3,64,401,273,171262.55,19
1565,2022-08-28,773,15,103,403,124,57303.93,18
1570,2022-08-28,725,1,153,401,946,58640.78,11
1572,2022-08-28,55,6,142,403,180,117615.14,7
1574,2022-08-28,221,1,121,400,611,86486.73,10
1577,2022-08-29,783,10,148,402,854,116682.11,1
1582,2022-08-29,758,9,53,403,30,228614.17,6
1586,2022-08-29,861,10,69,401,606,147310.39,17
1589,2022-09-01,889,8,32,400,936,154355.45,20
1598,2022-09-03,855,13,15,402,381,126133.82,16
1617,2022-09-07,472,2,6,402,916,41203.08,14
1626,2022-09-08,287,14,197,402,250,109911.78,7
1628,2022-09-09,836,15,179,401,405,113419.18,7
1640,2022-09-11,15,5,139,402,654,213299.1,8
1642,2022-09-11,652,10,164,402,368,72082.82,4
1643,2022-09-12,340,15,155,403,496,248495.29,3
1654,2022-09-14,268,1,125,403,290,222132.05,2
1657,2022-09-15,691,14,127,400,334,141871.8,5
1668,2022-09-16,678,11,6,403,373,27265.33,15
1670,2022-09-17,155,4,123,402,110,82964.67,1
1673,2022-09-17,707,7,114,401,81,77667.97,3
1678,2022-09-19,418,6,4,401,335,121869.95,12
1680,2022-09-19,433,10,18,403,241,107223.42,11
1681,2022-09-20,242,4,96,401,440,111452.64,18
1692,2022-09-22,693,9,168,400,131,46554.67,7
1693,2022-09-22,918,9,140,403,28,73843.5,14
1707,2022-09-24,136,6,85,400,413,130736.16,7
1709,2022-09-25,976,7,100,400,564,76152.0,17
1711,2022-09-27,14,9,131,401,215,21861.86,15
1713,2022-09-27,924,5,160,401,465,65585.35,3
1728,2022-10-03,591,13,119,402,146,29718.05,13
1730,2022-10-03,996,13,197,402,366,123184.47,2
1733,2022-10-04,658,11,87,400,168,193017.41,19
1734,2022-10-04,547,5,138,400,749,116924.03,16
1736,2022-10-04,512,1,100,400,953,103190.06,18
1737,2022-10-04,163,10,121,400,80,153671.55,7
1744,2022-10-05,249,11,43,402,977,212986.46,1
1746,2022-10-05,645,13,16,403,702,242748.01,5
1748,2022-10-06,783,12,64,403,453,110163.93,16
1754,2022-10-07,927,14,106,400,595,75897.98,6
1782,2022-10-12,58,9,66,402,986,37739.63,15
1786,2022-10-13,335,15,84,401,458,143891.15,1
1798,2022-10-16,461,15,36,400,812,169730.3,17
1800,2022-10-17,443,4,173,400,554,86037.31,6
1801,2022-10-17,601,5,85,400,543,101783.42,11
1811,2022-10-20,105,13,154,403,418,225540.13,11
1814,2022-10-20,99,6,102,401,272,16635.64,8
1819,2022-10-21,217,5,78,402,384,102672.25,10
1823,2022-10-23,950,10,32,400,730,96997.09,15
1829,2022-10-25,330,2,70,401,535,166213.59,14
1836,2022-10-26,198,13,69,403,11,5446.27,9
1840,2022-10-27,538,15,67,402,418,104348.03,16
1849,2022-10-29,411,6,57,400,457,27565.64,16
1859,2022-11-03,307,13,58,400,420,41553.4,11
1889,2022-11-10,477,9,200,401,750,116679.09,18
1894,2022-11-11,252,9,139,400,949,102291.46,13
1897,2022-11-11,752,2,92,400,463,21177.27,14
1899,2022-11-11,167,10,76,402,138,205657.38,11
1912,2022-11-12,480,12,81,400,870,158536.05,19
1937,2022-11-19,270,7,45,403,153,226375.46,16
1939,2022-11-19,180,13,51,403,709,244452.17,13
1949,2022-11-22,198,8,160,401,221,3419.24,1
1952,2022-11-22,877,1,45,402,915,69312.11,8
1969,2022-11-25,743,6,40,401,984,146229.65,17
1972,2022-11-26,278,12,50,400,934,164377.31,9
1974,2022-11-26,20,13,78,401,100,121887.62,12
1978,2022-11-28,287,3,197,400,468,109793.37,17
1979,2022-11-28,671,5,125,402,851,33516.46,14
1986,2022-11-29,310,5,14,401,960,117210.38,5
1994,2022-12-01,703,8,182,402,29,41068.86,6
2000,2022-12-01,721,9,1,403,987,326147.9,12
2018,2022-12-03,247,9,175,402,42,21115.39,8
2027,2022-12-04,652,9,89,401,798,29249.56,20
2030,2022-12-04,784,5,156,403,521,220427.89,4
2033,2022-12-05,218,1,126,403,852,238471.11,12
2043,2022-12-06,197,3,130,400,661,139488.4,4
2045,2022-12-06,62,15,106,403,608,315856.44,6
2049,2022-12-06,438,11,36,402,677,63502.72,20
2066,2022-12-07,283,15,73,401,891,153192.13,8
2073,2022-12-08,64,9,72,401,617,175000.72,11
2076,2022-12-08,156,2,20,403,27,293903.86,3
2080,2022-12-09,894,12,29,400,477,188856.35,16
2086,2022-12-09,329,8,72,403,325,166097.75,20
2093,2022-12-10,477,8,66,402,639,23349.91,18
2103,2022-12-11,857,8,14,403,935,322606.07,14
2104,2022-12-11,595,3,29,401,731,76268.31,16
2107,2022-12-11,858,6,159,401,665,29320.28,2
2108,2022-12-11,718,15,181,400,486,157989.17,3
2111,2022-12-11,952,1,81,401,483,85321.31,20
2114,2022-12-11,843,10,95,400,888,109930.15,18
2116,2022-12-12,632,14,86,403,244,74612.07,3
2117,2022-12-12,425,15,136,400,396,192470.53,17
2128,2022-12-12,80,14,185,403,408,81528.72,3
2133,2022-12-12,167,5,44,400,975,125676.27,7
2144,2022-12-13,64,2,88,402,339,58832.69,15
2159,2022-12-15,548,10,76,402,991,171403.52,14
2169,2022-12-16,769,12,23,402,492,5697.73,6
2182,2022-12-17,165,14,4,401,162,29072.3,13
2188,2022-12-17,4,13,190,402,638,25718.43,13
2196,2022-12-18,305,12,139,400,622,23638.82,2
2204,2022-12-19,418,9,166,402,665,88796.39,17
2216,2022-12-20,81,9,145,402,216,175447.81,8
2224,2022-12-20,841,11,14,402,858,35683.99,8
2228,2022-12-21,298,14,139,403,485,167233.85,16
2249,2022-12-23,304,4,14,403,228,87175.51,3
2252,2022-12-23,275,8,22,402,186,178330.4,20
2262,2022-12-24,182,12,126,402,183,47861.52,20
2280,2022-12-26,24,13,26,403,6,164727.86,20
2284,2022-12-26,269,11,199,400,36,57924.79,2
2294,2022-12-27,841,4,28,400,337,193017.41,15
2305,2022-12-28,547,3,144,403,793,129677.29,16
2307,2022-12-29,377,13,80,403,976,254476.12,8
2312,2022-12-29,419,9,9,402,215,117687.72,20
2325,2023-01-01,403,15,57,401,597,143040.7,19
2328,2023-01-02,395,12,34,402,515,153438.7,6
2329,2023-01-02,322,3,130,402,261,76752.85,9
2330,2023-01-03,666,2,115,400,812,96215.72,20
2332,2023-01-03,336,8,166,403,975,254776.9,11
2336,2023-01-03,302,12,128,400,440,180651.0,19
2339,2023-01-03,182,11,14,402,229,72507.35,9
2343,2023-01-04,236,7,183,400,911,98872.68,9
2346,2023-01-04,147,6,180,403,521,145147.75,20
2347,2023-01-04,901,5,63,402,384,75613.25,18
2348,2023-01-05,23,2,196,402,126,172900.65,19
2354,2023-01-06,238,12,168,400,538,57885.71,18
2360,2023-01-07,584,10,170,401,633,172307.94,2
2363,2023-01-08,497,2,80,400,871,100240.24,3
2364,2023-01-08,429,7,73,401,26,16529.34,17
2367,2023-01-08,658,2,167,400,378,178971.03,6
2368,2023-01-08,991,15,126,400,852,176177.3,4
2373,2023-01-09,904,1,152,400,686,94418.29,6
2376,2023-01-09,991,2,177,401,302,9867.87,10
2378,2023-01-10,691,14,14,402,225,198060.32,11
2382,2023-01-11,770,4,165,400,426,164143.06,13
2389,2023-01-12,375,5,86,400,324,33953.78,18
2390,2023-01-13,944,4,78,400,573,193603.61,4
2401,2023-01-15,385,1,96,400,153,90081.37,17
2403,2023-01-15,664,13,7,402,66,127050.11,1
2408,2023-01-16,113,9,192,401,290,149099.69,6
2412,2023-01-17,566,11,24,402,1000,26209.95,5
2416,2023-01-18,309,4,199,402,703,49827.84,9
2419,2023-01-19,136,5,176,402,380,193524.52,5
2421,2023-01-19,445,1,23,403,900,8286.53,14
2423,2023-01-19,520,10,22,402,846,155069.82,2
2437,2023-01-21,95,9,90,403,301,16873.84,15
2442,2023-01-22,261,14,60,400,811,14573.95,19
2451,2023-01-25,871,4,100,401,532,59756.88,5
2461,2023-01-27,142,7,168,401,304,144334.05,12
2463,2023-01-27,625,5,36,402,597,116011.94,18
2473,2023-01-29,752,12,194,401,117,109557.04,14
2474,2023-01-29,935,13,15,400,403,46886.85,17
2483,2023-02-01,806,15,139,403,20,57738.23,4
2494,2023-02-02,432,8,155,403,455,197372.71,8
2503,2023-02-05,495,4,9,403,864,255445.21,5
2506,2023-02-05,820,9,186,403,587,162088.35,18
2512,2023-02-06,307,8,43,401,94,163892.77,3
2514,2023-02-06,473,13,154,403,145,34749.8,10
2519,2023-02-07,696,7,9,403,338,123495.71,12
2524,2023-02-08,694,13,110,400,65,7189.28,11
2525,2023-02-08,127,14,10,403,517,295073.46,4
2534,2023-02-09,206,10,47,401,172,89537.74,6
2537,2023-02-09,191,1,12,400,446,159044.09,20
2541,2023-02-10,336,1,195,401,107,50278.65,14
2550,2023-02-11,723,14,7,401,794,157231.53,6
2559,2023-02-13,640,9,74,402,441,183670.6,6
2568,2023-02-14,542,1,152,402,816,174420.1,5
2573,2023-02-15,551,5,7,402,586,71837.17,15
2580,2023-02-17,639,13,112,401,93,90671.52,12
2583,2023-02-17,567,12,85,403,959,35351.35,20
2589,2023-02-18,487,12,185,401,213,164849.29,7
2591,2023-02-18,245,3,17,402,618,222058.31,1
2602,2023-02-20,809,11,189,402,961,123229.13,6
2608,2023-02-20,98,9,92,400,27,95961.7,13
2611,2023-02-21,172,4,23,403,569,217186.83,7
2613,2023-02-21,131,14,92,400,425,122472.43,10
2615,2023-02-21,754,3,179,401,639,45406.71,20
2618,2023-02-22,402,3,42,402,536,180587.03,6
2620,2023-02-22,226,8,108,400,991,17015.97,10
2635,2023-02-25,504,5,121,403,696,145214.51,9
2640,2023-02-26,769,2,104,402,224,155583.67,5
2641,2023-02-26,838,1,118,400,676,139371.16,17
2646,2023-02-27,556,3,117,403,92,168269.7,15
2671,2023-03-03,123,1,129,402,961,59659.41,9
2681,2023-03-05,187,2,87,400,145,185027.23,9
2688,2023-03-07,495,6,82,403,91,244819.7,16
2691,2023-03-08,366,9,169,401,118,155123.09,12
2696,2023-03-08,975,3,176,403,422,30506.39,8
2703,2023-03-10,291,7,109,402,330,131407.26,8
2718,2023-03-13,320,9,71,403,483,52692.99,12
2738,2023-03-17,699,8,135,402,704,64418.77,13
2743,2023-03-18,798,11,59,401,982,23172.89,7
2747,2023-03-19,720,4,86,400,183,111785.98,2
2758,2023-03-21,37,15,114,402,411,141685.47,13
2768,2023-03-23,583,9,81,402,857,109196.94,11
2776,2023-03-24,928,8,22,403,625,153100.01,16
2781,2023-03-24,955,5,168,402,611,205791.6,8
2790,2023-03-25,839,6,8,401,343,91380.3,1
2794,2023-03-25,957,5,88,401,970,105517.86,16
2795,2023-03-26,64,9,165,401,147,112143.74,12
2809,2023-03-27,873,3,2,403,793,17408.4,11
2815,2023-03-29,713,8,36,400,283,8634.99,11
2819,2023-04-01,51,10,87,401,565,169490.94,3
2826,2023-04-02,373,13,81,403,680,91418.92,4
2833,2023-04-03,175,2,166,401,380,137176.64,18
2835,2023-04-04,402,13,179,401,524,174433.83,2
2838,2023-04-05,498,13,147,403,297,215382.65,5
2839,2023-04-05,275,6,151,401,551,55788.43,20
2853,2023-04-09,296,10,97,401,116,88492.59,17
2854,2023-04-09,383,4,69,401,356,78766.39,1
2863,2023-04-11,509,9,111,400,295,102682.26,13
2870,2023-04-12,837,4,150,401,455,18017.39,15
2871,2023-04-12,610,11,164,403,426,87108.75,15
2872,2023-04-12,563,8,12,403,161,81929.52,16
2881,2023-04-14,587,2,40,402,372,116659.78,19
2882,2023-04-14,229,10,21,400,802,130872.94,15
2896,2023-04-16,452,2,47,402,690,152030.9,10
2903,2023-04-17,457,13,77,400,823,172602.2,10
2910,2023-04-18,197,3,20,402,714,178151.52,16
2927,2023-04-20,61,4,102,403,773,132818.09,2
2954,2023-04-25,831,2,170,400,547,123722.51,15
2960,2023-04-25,560,9,166,403,450,179128.98,14
2987,2023-05-01,883,2,108,401,244,129487.94,10
2990,2023-05-02,506,3,98,400,713,155449.45,14
2995,2023-05-03,386,12,31,400,953,38564.5,5
2999,2023-05-03,76,5,5,400,215,19203.97,13
3000,2023-05-03,40,12,177,400,794,12190.55,13
3006,2023-05-05,796,10,46,403,51,287622.26,7
3007,2023-05-05,481,15,122,403,763,259855.63,19
3011,2023-05-06,221,2,84,401,308,26290.9,5
3021,2023-05-08,328,12,143,401,239,101939.04,18
3048,2023-05-14,668,15,166,403,381,70134.65,13
3070,2023-05-18,674,13,169,403,847,113739.03,4
3074,2023-05-19,143,2,97,401,447,152129.07,3
3086,2023-05-21,381,9,141,403,852,80593.13,7
3088,2023-05-21,659,6,146,400,30,144470.13,2
3099,2023-05-23,449,6,176,400,400,149178.31,2
3113,2023-05-24,425,9,126,401,30,34369.47,1
3157,2023-06-02,549,8,182,402,823,63547.38,11
3168,2023-06-02,229,15,18,400,953,110183.94,19
3191,2023-06-04,586,9,44,400,784,44014.96,6
3195,2023-06-05,537,12,165,400,104,121104.87,20
3199,2023-06-05,107,11,59,401,552,67569.57,7
3206,2023-06-06,754,11,27,402,569,136367.6,5
3210,2023-06-07,290,10,59,400,367,46163.88,3
3213,2023-06-07,991,2,115,402,189,39817.61,2
3217,2023-06-07,404,15,161,403,750,268175.66,2
3219,2023-06-07,351,15,191,401,986,12773.49,18
3228,2023-06-08,285,7,165,401,584,107218.53,9
3233,2023-06-08,665,15,7,401,865,16068.52,5
3247,2023-06-09,93,11,105,402,870,85064.97,16
3250,2023-06-10,831,12,1,400,274,115927.73,20
3251,2023-06-10,293,4,166,402,597,115877.72,11
3254,2023-06-10,876,13,104,400,147,191747.55,20
3265,2023-06-11,262,10,114,400,393,194365.43,13
3275,2023-06-11,669,4,143,400,79,16781.49,15
3277,2023-06-12,938,14,181,401,252,39418.67,1
3280,2023-06-12,678,13,112,403,962,248127.76,7
3282,2023-06-12,647,7,100,401,713,23031.0,20
3283,2023-06-12,655,13,43,400,709,125305.01,13
3284,2023-06-13,749,1,139,403,107,261960.82,16
3286,2023-06-13,452,6,101,402,520,18992.76,11
3287,2023-06-13,660,5,100,400,672,67009.2,18
3288,2023-06-13,636,2,196,400,384,70447.52,13
3295,2023-06-13,203,6,56,403,246,248662.31,20
3301,2023-06-14,700,7,83,400,962,175434.78,3
3307,2023-06-14,245,10,66,400,638,112762.74,4
3312,2023-06-16,736,1,49,400,366,91898.11,4
3316,2023-06-16,359,1,89,403,104,331761.2,12
3317,2023-06-16,394,1,81,400,175,32469.22,3
3319,2023-06-16,589,12,3,402,377,89042.26,15
3321,2023-06-17,999,6,72,401,523,120895.51,12
3331,2023-06-17,659,10,133,400,251,132025.56,8
3339,2023-06-18,549,4,116,403,69,106120.81,20
3353,2023-06-19,158,13,74,403,408,88578.89,20
3357,2023-06-19,982,1,130,402,256,24578.83,12
3361,2023-06-19,619,6,179,402,100,81177.0,2
3363,2023-06-19,580,3,87,401,568,73628.56,9
3366,2023-06-19,627,8,197,403,842,317694.35,12
3387,2023-06-22,184,13,74,402,600,159851.5,4
3390,2023-06-22,632,12,197,401,989,17379.55,17
3405,2023-06-23,760,14,93,402,330,47191.35,2
3409,2023-06-23,243,13,163,400,820,28151.6,20
3411,2023-06-23,225,5,188,402,517,165303.59,19
3415,2023-06-23,501,11,141,402,319,95209.19,8
3417,2023-06-23,330,8,28,400,3,173207.7,19
3425,2023-06-24,662,14,177,403,143,203019.5,13
3427,2023-06-24,570,3,1,402,700,48733.14,18
3444,2023-06-26,742,1,189,403,384,297746.47,3
3447,2023-06-26,465,12,55,401,572,124598.08,1
3448,2023-06-26,159,1,96,400,384,96821.23,15
3449,2023-06-26,203,1,108,403,943,138966.17,9
3450,2023-06-26,562,14,87,403,170,33279.66,14
3456,2023-06-27,155,14,58,403,957,177859.35,10
3461,2023-06-27,447,14,100,400,31,113055.84,4
3463,2023-06-27,215,8,111,403,2,45141.52,8
3464,2023-06-28,873,3,151,403,910,242647.75,3
3465,2023-06-28,611,15,46,401,104,149046.42,7
3492,2023-07-01,126,1,62,401,775,73610.88,14
3498,2023-07-01,719,11,15,400,211,185847.67,5
3503,2023-07-02,496,14,173,402,501,124391.05,8
3505,2023-07-02,733,3,143,402,468,218460.65,3
3513,2023-07-02,788,11,128,403,647,123027.92,13
3514,2023-07-02,75,5,56,401,570,14562.79,14
3521,2023-07-03,744,10,109,402,692,116727.01,9
3522,2023-07-03,820,4,173,401,442,140524.94,7
3523,2023-07-03,145,8,24,402,1,221767.77,10
3524,2023-07-03,566,7,174,403,674,266738.79,7
3538,2023-07-04,422,3,17,401,393,82309.62,4
3543,2023-07-05,442,9,182,400,963,80489.15,15
3566,2023-07-07,781,12,170,403,246,153367.29,1
3572,2023-07-07,131,7,59,403,721,150159.73,15
3581,2023-07-08,287,9,58,400,34,89983.67,19
3585,2023-07-09,254,11,121,401,772,37912.7,1
3587,2023-07-09,59,15,159,401,170,63725.34,15
3596,2023-07-09,708,6,153,400,328,150545.87,19
3610,2023-07-11,395,11,104,400,807,75546.49,1
3613,2023-07-11,519,4,150,403,300,33045.88,12
3623,2023-07-12,780,10,176,400,288,193584.07,2
3627,2023-07-12,30,2,170,403,241,179396.26,5
3645,2023-07-14,952,10,169,403,925,176355.71,10
3657,2023-07-16,972,10,113,402,330,123631.33,4
3662,2023-07-16,519,4,77,402,331,189033.14,7
3668,2023-07-17,932,9,5,401,115,135706.27,17
3678,2023-07-17,104,10,148,403,444,231253.91,17
3687,2023-07-18,969,4,78,400,395,194502.21,12
3693,2023-07-19,371,15,191,402,652,4155.94,17
3695,2023-07-19,246,9,74,403,904,245454.52,19
3701,2023-07-20,267,14,26,401,473,27389.32,7
3705,2023-07-20,750,5,29,401,162,34227.81,13
3718,2023-07-21,877,4,185,402,198,132814.83,12
3720,2023-07-21,390,7,43,402,377,75635.59,5
3723,2023-07-21,44,4,151,403,939,72540.38,5
3727,2023-07-22,979,2,118,401,337,69748.73,7
3742,2023-07-23,846,7,79,403,640,8720.83,6
3744,2023-07-23,67,9,119,403,128,259020.3,6
3745,2023-07-23,455,10,159,401,505,57932.0,12
3746,2023-07-24,905,5,124,402,710,165415.25,8
3763,2023-07-25,154,2,3,401,851,82114.68,8
3769,2023-07-25,758,5,63,402,965,7083.2,20
3771,2023-07-26,953,7,127,402,397,187670.23,16
3785,2023-07-27,916,5,116,403,305,36921.75,3
3791,2023-07-27,534,12,135,403,829,211974.34,3
3793,2023-07-28,59,15,82,400,745,131830.16,4
3810,2023-07-29,45,7,197,400,132,166663.24,10
3813,2023-07-29,189,10,15,402,831,41739.26,19
3834,2023-08-02,163,9,89,403,519,150226.49,18
3835,2023-08-02,495,13,29,403,770,244919.96,1
3839,2023-08-02,618,7,104,403,41,249297.12,18
3841,2023-08-03,239,12,36,402,506,6032.94,6
3851,2023-08-04,321,12,72,400,233,80606.39,13
3859,2023-08-04,824,12,165,401,975,20302.86,17
3865,2023-08-05,277,3,24,403,338,229850.53,4
3885,2023-08-06,613,13,156,403,827,25193.64,6
3895,2023-08-07,611,15,12,402,137,195311.95,11
3913,2023-08-09,214,5,10,400,966,109187.64,10
3916,2023-08-09,189,7,199,403,285,77051.3,15
3917,2023-08-09,461,3,120,401,7,77667.97,1
3921,2023-08-09,851,2,114,402,611,215779.5,1
3922,2023-08-10,19,6,94,401,525,106616.28,4
3924,2023-08-10,528,10,110,400,552,167503.22,7
3927,2023-08-10,518,12,68,400,564,60972.31,11
3933,2023-08-11,841,1,82,402,131,44308.75,15
3950,2023-08-13,518,15,129,403,199,22019.34,19
3954,2023-08-13,7,5,156,400,388,106159.66,4
3976,2023-08-15,765,6,25,400,199,150115.99,3
3984,2023-08-15,764,2,12,403,86,183573.14,10
3985,2023-08-16,650,11,173,400,971,25650.97,13
3994,2023-08-16,114,10,186,403,943,153768.32,15
3999,2023-08-17,610,11,94,402,110,172520.78,2
4003,2023-08-17,520,3,195,403,723,317259.82,19
4008,2023-08-17,344,1,96,401,92,94639.97,9
4010,2023-08-17,600,11,186,402,215,159471.64,5
4012,2023-08-17,701,15,24,402,116,187022.16,19
4014,2023-08-18,527,4,15,402,146,24735.15,11
4017,2023-08-18,649,14,75,402,258,217276.39,17
4018,2023-08-18,503,3,131,401,62,29621.51,15
4024,2023-08-18,672,12,96,403,59,42635.53,7
4027,2023-08-19,543,9,11,400,410,93695.54,4
4060,2023-08-21,7,3,177,403,535,16539.57,5
4064,2023-08-22,592,5,100,401,484,23651.15,12
4066,2023-08-22,861,15,173,403,253,49752.47,4
4067,2023-08-22,186,1,13,400,691,41358.0,19
4072,2023-08-22,922,15,123,400,104,22271.27,19
4078,2023-08-22,694,12,98,401,527,45814.25,5
4084,2023-08-23,265,13,82,400,762,61538.96,3
4101,2023-08-24,270,14,15,400,303,170492.12,17
4105,2023-08-25,46,14,49,401,531,90299.56,16
4107,2023-08-25,118,3,20,401,432,152820.17,2
4109,2023-08-25,198,10,152,403,171,13699.54,8
4110,2023-08-25,817,11,36,402,214,20579.21,12
4111,2023-08-25,356,13,112,400,678,70935.78,18
4115,2023-08-26,966,2,200,401,63,118928.96,13
4123,2023-08-27,542,4,81,400,183,114540.63,7
4125,2023-08-27,486,12,87,403,257,283879.91,6
4127,2023-08-27,804,14,67,402,62,58654.04,9
4129,2023-08-28,24,6,24,401,652,157319.93,15
4135,2023-08-28,239,12,83,403,646,155372.22,5
4144,2023-08-29,954,2,198,401,471,95525.78,8
4146,2023-08-29,21,5,114,403,782,39060.2,8
4153,2023-09-01,67,8,46,400,814,112899.52,9
4155,2023-09-01,90,3,193,400,309,129661.7,10
4162,2023-09-02,779,8,90,401,776,107360.2,15
4165,2023-09-03,792,14,68,400,431,192900.17,17
4172,2023-09-04,502,14,193,401,554,131720.13,10
4182,2023-09-06,696,8,1,402,666,171716.39,17
4184,2023-09-06,593,14,50,401,887,62874.89,1
4188,2023-09-07,240,8,31,401,816,107945.0,1
4198,2023-09-09,945,13,124,403,337,174919.07,1
4201,2023-09-09,760,7,85,402,269,81445.21,5
4206,2023-09-10,425,8,170,403,794,270815.41,8
4207,2023-09-10,775,12,59,400,462,103268.22,20
4208,2023-09-11,750,13,162,403,415,173214.91,7
4210,2023-09-11,659,2,67,402,261,132524.29,1
4212,2023-09-11,853,9,12,403,524,177959.61,15
4224,2023-09-13,238,12,138,400,282,47121.33,7
4229,2023-09-13,273,12,154,403,606,257583.66,11
4231,2023-09-13,310,7,120,402,477,168521.16,16
4240,2023-09-14,628,8,150,403,441,171845.03,4
4250,2023-09-17,594,13,109,401,883,127308.78,9
4251,2023-09-17,578,6,122,401,772,101283.53,7
4256,2023-09-17,622,4,103,400,237,176782.8,5
4262,2023-09-18,282,12,118,403,2,62750.2,3
4264,2023-09-18,82,9,177,402,554,145595.77,19
4265,2023-09-18,99,14,189,401,430,173176.07,2
4268,2023-09-19,105,8,84,401,825,108051.3,14
4269,2023-09-19,853,2,3,402,605,11686.01,2
4283,2023-09-21,821,1,101,402,659,119520.04,7
4304,2023-09-23,955,15,93,402,421,98650.3,13
4307,2023-09-24,304,1,72,400,722,152343.07,8
4325,2023-09-27,645,14,114,401,383,152625.24,18
4343,2023-09-29,492,2,50,400,593,168948.94,15
4344,2023-10-01,308,1,181,400,985,2598.34,9
4352,2023-10-02,279,1,59,400,601,93421.99,11
4354,2023-10-02,725,7,137,401,164,82451.28,14
4369,2023-10-04,461,10,145,403,340,115576.94,18
4373,2023-10-04,642,10,196,401,69,60323.77,11
4376,2023-10-05,153,12,62,403,45,15503.72,14
4382,2023-10-05,935,2,35,403,592,291230.85,2
4389,2023-10-07,455,13,18,403,751,210771.48,1
4390,2023-10-07,125,10,20,401,237,88988.53,5
4395,2023-10-08,870,5,158,400,143,4786.34,12
4398,2023-10-08,56,14,11,400,112,23990.54,11
4400,2023-10-08,887,10,157,401,992,138859.63,2
4412,2023-10-11,47,4,144,401,269,72725.08,20
4414,2023-10-11,375,6,27,400,700,178248.06,14
4421,2023-10-13,989,9,106,402,299,81780.41,11
4427,2023-10-14,845,2,128,400,569,123625.05,18
4432,2023-10-14,544,4,108,400,491,115908.19,6
4433,2023-10-14,93,1,17,400,697,139410.24,9
4443,2023-10-17,872,9,67,402,917,188385.3,3
4470,2023-10-21,68,3,171,403,246,198041.02,11
4475,2023-10-22,738,1,113,403,958,72907.91,2
4476,2023-10-22,337,14,144,402,660,95186.86,16
4481,2023-10-23,797,1,146,402,500,132367.97,11
4484,2023-10-23,152,13,46,400,405,28327.46,12
4486,2023-10-23,646,13,183,400,150,50110.23,7
4489,2023-10-24,558,10,30,401,745,63246.84,15
4492,2023-10-25,741,9,115,401,795,67675.88,9
4499,2023-10-27,563,6,19,400,512,178404.38,3
4516,2023-10-29,130,13,179,403,8,150493.76,13
4519,2023-11-01,93,10,159,403,667,16071.78,15
4520,2023-11-01,781,8,143,403,847,200413.25,11
4522,2023-11-01,452,12,119,402,179,92416.15,11
4525,2023-11-02,582,8,159,401,932,137123.61,13
4528,2023-11-02,39,15,83,403,630,191324.88,15
4533,2023-11-03,844,9,120,403,378,155940.27,15
4535,2023-11-03,813,7,196,402,604,23483.9,4
4538,2023-11-03,365,7,186,401,852,73805.82,19
4540,2023-11-04,179,4,135,400,350,32078.42,6
4545,2023-11-05,401,6,200,402,785,24690.49,7
4550,2023-11-06,95,1,158,401,923,108511.88,8
4565,2023-11-08,955,12,198,403,385,222700.1,16
4566,2023-11-08,19,15,1,403,732,273054.12,10
4568,2023-11-08,879,15,146,402,145,95343.41,20
4572,2023-11-09,961,2,73,402,612,91142.57,4
4583,2023-11-10,859,4,108,401,104,79510.3,5
4592,2023-11-10,773,12,16,403,22,88411.87,8
4597,2023-11-12,203,14,126,402,868,8624.99,1
4603,2023-11-13,779,14,178,400,939,189168.75,6
4607,2023-11-14,112,15,133,400,984,10529.9,13
4608,2023-11-14,808,13,124,403,687,73208.69,18
4619,2023-11-15,947,11,176,400,565,2598.34,4
4621,2023-11-15,6,6,87,401,920,110992.05,1
4625,2023-11-16,362,7,82,400,478,43038.2,13
4657,2023-11-23,381,14,17,401,39,85055.66,4
4665,2023-11-24,885,11,198,403,695,175453.62,14
4678,2023-11-25,933,14,11,401,944,87907.79,18
4679,2023-11-26,729,13,94,401,968,41987.46,20
4684,2023-11-27,683,5,91,401,116,6342.32,15
4694,2023-11-28,616,8,68,403,537,59943.67,6
4703,2023-12-01,88,11,139,400,246,4317.38,1
4704,2023-12-01,910,12,197,402,730,130714.53,18
4705,2023-12-01,396,15,161,401,83,54690.01,8
4710,2023-12-01,725,15,120,402,823,106448.57,6
4711,2023-12-01,403,14,4,402,532,120704.3,12
4712,2023-12-01,110,7,177,403,913,281039.88,14
4713,2023-12-01,14,8,118,400,152,125559.03,4
4716,2023-12-02,534,15,122,401,499,112072.79,18
4717,2023-12-02,313,7,40,402,30,73088.42,15
4720,2023-12-02,171,4,11,403,323,228614.17,11
4729,2023-12-03,650,1,30,400,616,62047.0,10
4732,2023-12-03,445,11,71,402,30,55481.14,16
4736,2023-12-03,977,11,70,401,203,85817.25,18
4741,2023-12-03,817,10,70,400,432,83595.29,6
4743,2023-12-03,137,12,174,401,715,30932.55,13
4753,2023-12-04,420,3,178,400,760,163263.77,2
4755,2023-12-04,545,3,193,401,473,172679.89,4
4763,2023-12-05,182,9,14,400,834,12600.89,16
4767,2023-12-06,373,1,175,401,320,59154.4,19
4768,2023-12-06,481,5,49,401,622,109840.6,17
4776,2023-12-07,365,11,169,402,548,94069.83,19
4777,2023-12-07,176,2,25,403,656,12095.65,2
4784,2023-12-08,173,6,23,401,107,37115.52,14
4785,2023-12-08,197,10,180,401,26,160632.86,11
4789,2023-12-08,2,7,154,403,63,229850.53,3
4793,2023-12-08,610,12,186,402,571,16400.7,17
4794,2023-12-08,677,6,76,403,217,152832.73,16
4806,2023-12-10,724,9,88,400,52,87737.05,17
4809,2023-12-10,6,2,110,402,331,183112.09,9
4818,2023-12-11,414,15,10,403,537,227043.77,2
4844,2023-12-12,440,3,95,403,212,67595.16,18
4845,2023-12-13,279,9,102,400,203,152909.73,18
4857,2023-12-14,195,8,117,402,865,174554.09,5
4859,2023-12-14,859,15,89,401,752,52032.58,9
4869,2023-12-15,663,12,38,400,468,137046.38,17
4870,2023-12-15,591,10,17,403,883,10391.49,5
4871,2023-12-15,520,4,108,400,864,56400.91,15
4873,2023-12-15,147,15,162,402,622,100460.29,8
4874,2023-12-15,225,15,85,401,556,67126.67,1
4878,2023-12-15,273,10,150,403,169,288992.14,19
4891,2023-12-16,396,12,58,403,175,37222.52,8
4897,2023-12-17,245,3,177,400,442,4298.07,16
4900,2023-12-17,910,4,37,400,191,142086.73,10
4902,2023-12-17,45,7,186,403,734,159715.89,16
4905,2023-12-18,966,5,187,401,810,46646.79,8
4910,2023-12-18,509,4,95,400,940,92327.99,2
4919,2023-12-19,209,5,179,402,947,42387.33,13
4926,2023-12-19,981,3,194,403,587,21484.79,12
4930,2023-12-20,158,15,151,401,500,52156.57,9
4932,2023-12-20,208,10,7,402,810,52285.9,7
4954,2023-12-22,91,13,19,401,153,131649.19,7
4956,2023-12-22,887,2,49,403,656,166933.08,9
4969,2023-12-23,485,5,63,401,656,6076.67,4
4975,2023-12-24,938,5,168,403,502,161286.29,10
4977,2023-12-24,897,7,50,400,288,106999.64,8
4979,2023-12-24,514,13,176,401,223,96004.27,20
4983,2023-12-24,663,2,171,402,369,43415.04,16
4984,2023-12-24,199,13,156,401,242,136219.89,7
4985,2023-12-24,207,5,160,401,872,56266.69,15
4986,2023-12-24,472,8,6,400,655,181295.81,1
4990,2023-12-25,266,6,36,402,939,79188.35,1
4994,2023-12-25,723,11,165,401,398,146105.67,20
5017,2023-12-26,732,6,57,400,243,166604.62,2
5023,2023-12-26,834,14,89,401,50,126281.3,12
5035,2023-12-27,99,11,152,401,249,127167.11,15
5038,2023-12-28,357,9,13,401,844,81388.22,14
5046,2023-12-28,674,12,23,402,602,107342.28,4
5049,2023-12-28,19,7,48,400,739,96411.12,5
5054,2023-12-29,362,9,56,402,281,38410.04,17
5061,2023-12-29,430,3,157,403,249,265703.17,12
5067,2024-01-01,918,11,85,401,664,126245.71,14
5077,2024-01-01,111,2,142,401,274,62945.6,12
5097,2024-01-04,540,1,200,400,97,130755.7,4
5098,2024-01-04,795,4,140,403,619,56802.64,12
5110,2024-01-06,514,12,114,402,473,37225.78,5
5115,2024-01-06,188,2,58,403,429,246724.37,2
5128,2024-01-08,249,14,8,402,313,170643.79,11
5133,2024-01-09,687,10,167,403,8,105285.48,7
5134,2024-01-09,788,6,175,402,312,46610.27,13
5135,2024-01-10,618,15,173,401,132,73221.02,15
5140,2024-01-10,313,9,16,401,158,20763.44,17
5141,2024-01-10,30,1,105,401,509,78075.28,16
5142,2024-01-10,568,10,66,403,877,311813.55,3
5165,2024-01-14,840,8,184,402,787,140300.23,18
5174,2024-01-15,454,11,34,403,447,25728.2,10
5182,2024-01-16,818,10,51,401,979,23598.12,12
5187,2024-01-17,223,9,24,403,870,84936.8,10
5204,2024-01-19,32,7,49,400,476,29519.16,7
5223,2024-01-23,434,11,138,401,855,160207.64,4
5226,2024-01-24,840,13,73,402,788,222974.36,20
5230,2024-01-24,56,3,187,403,9,21083.75,12
5244,2024-01-26,675,1,162,400,892,51868.59,10
5247,2024-01-27,189,11,82,403,450,32411.06,20
5252,2024-01-28,153,13,38,401,337,138452.32,20
5264,2024-02-01,706,6,44,402,289,72931.87,11
5277,2024-02-03,882,12,92,403,726,292166.44,7
5281,2024-02-04,678,10,194,403,581,135491.1,15
5296,2024-02-06,414,9,117,403,820,24826.1,9
5309,2024-02-08,49,10,193,401,376,140914.81,11
5310,2024-02-08,777,11,173,402,579,148500.7,7
5326,2024-02-10,673,10,198,401,925,130302.8,13
5327,2024-02-10,388,5,157,401,538,15271.34,3
5339,2024-02-12,20,14,132,403,132,217554.37,20
5343,2024-02-13,696,12,190,400,970,42022.35,15
5344,2024-02-13,73,1,101,403,147,245153.97,5
5348,2024-02-14,674,1,133,403,933,293970.85,8
5350,2024-02-14,236,15,35,401,601,85516.25,17
5363,2024-02-16,991,4,23,400,678,148787.51,12
5364,2024-02-16,204,10,168,402,378,179425.1,13
5369,2024-02-16,583,9,175,403,164,147118.95,16
5375,2024-02-17,422,6,150,403,267,116813.07,8
5376,2024-02-17,551,13,72,401,840,86880.32,12
5399,2024-02-20,346,5,183,403,41,71872.07,2
5411,2024-02-21,713,12,39,400,193,154257.75,7
5425,2024-02-24,858,8,135,401,37,52351.5,19
5429,2024-02-24,561,2,170,403,914,38859.69,6
5436,2024-02-24,517,15,22,402,462,176207.54,5
5446,2024-02-25,204,9,17,401,342,44591.62,1
5451,2024-02-25,104,10,109,401,132,76622.58,1
5453,2024-02-26,241,4,49,402,496,142333.54,6
5456,2024-02-26,446,12,112,403,362,190289.04,9
5467,2024-03-01,194,3,170,402,829,178844.26,11
5468,2024-03-01,954,6,65,403,656,220661.91,19
5477,2024-03-03,470,9,93,403,340,107390.67,16
5485,2024-03-04,566,6,1,403,70,77619.35,17
5496,2024-03-06,492,14,76,403,445,60712.01,19
5499,2024-03-07,621,12,17,401,547,96996.39,19
5507,2024-03-08,214,11,9,401,163,124651.35,9
5510,2024-03-08,209,8,121,401,212,98856.4,9
5512,2024-03-08,829,14,137,402,630,92215.17,20
5513,2024-03-08,819,7,123,400,709,135209.86,12
5514,2024-03-08,965,15,49,402,799,88640.07,3
5521,2024-03-09,573,14,60,403,254,276562.46,6
5527,2024-03-09,484,7,128,403,290,197339.44,9
5536,2024-03-11,313,13,131,400,870,142946.26,11
5542,2024-03-11,464,7,179,400,864,51223.77,8
5553,2024-03-14,99,6,91,403,140,118082.93,12
5556,2024-03-14,463,15,12,400,725,164025.82,20
5560,2024-03-16,403,11,142,401,546,16989.92,18
5564,2024-03-17,720,8,119,401,383,89909.69,1
5565,2024-03-17,407,1,157,401,762,23154.98,2
5566,2024-03-17,284,3,169,402,601,77892.44,16
5567,2024-03-17,614,3,88,401,835,23279.2,19
5574,2024-03-19,381,7,3,401,135,112072.79,20
5575,2024-03-19,215,12,160,401,693,137336.22,14
5595,2024-03-21,289,4,133,402,945,167269.91,19
5596,2024-03-21,499,15,161,403,49,244953.46,11
5598,2024-03-22,694,7,50,403,566,109361.87,3
5605,2024-03-22,627,2,170,403,803,166966.57,8
5608,2024-03-23,772,3,128,400,488,37392.34,11
5613,2024-03-23,61,1,4,403,912,289693.95,13
5614,2024-03-23,871,2,10,402,178,192831.78,8
5621,2024-03-24,482,2,52,403,546,283245.09,4
5625,2024-03-25,822,6,160,403,294,181768.72,19
5633,2024-03-26,441,7,42,401,176,90441.23,11
5635,2024-03-26,137,6,148,403,729,231454.43,6
5648,2024-03-28,753,13,106,400,881,175864.66,14
5664,2024-04-01,805,5,52,400,992,139449.32,7
5670,2024-04-02,12,8,137,400,803,4727.72,8
5672,2024-04-02,369,5,170,403,428,158646.54,3
5690,2024-04-05,727,2,145,402,780,56687.73,17
5695,2024-04-06,72,2,92,403,519,86607.46,11
5696,2024-04-06,545,3,127,400,506,25553.27,9
5698,2024-04-06,223,8,65,402,215,94360.13,19
5703,2024-04-07,129,1,175,402,879,217120.07,18
5705,2024-04-07,815,4,82,403,907,315789.68,20
5706,2024-04-07,433,3,119,403,370,267373.83,12
5718,2024-04-08,395,10,93,402,415,49984.39,14
5719,2024-04-08,507,11,60,403,823,21184.01,8
5723,2024-04-09,181,14,123,402,181,208718.63,3
5725,2024-04-09,680,15,56,402,872,24735.15,5
5734,2024-04-10,32,7,101,401,397,90157.9,6
5735,2024-04-10,286,6,2,400,522,103561.32,5
5739,2024-04-11,749,15,9,403,942,102278.2,9
5742,2024-04-11,584,15,54,400,327,62515.73,13
5743,2024-04-11,539,2,26,402,528,150891.54,3
5751,2024-04-12,493,12,194,400,338,140484.7,1
5752,2024-04-13,298,15,166,402,228,158980.12,18
5758,2024-04-13,538,9,35,401,852,7653.35,4
5764,2024-04-14,125,6,39,402,170,142713.41,19
5782,2024-04-17,273,4,119,400,531,12796.29,13
5803,2024-04-20,203,1,142,401,291,94958.89,9
5817,2024-04-22,966,1,91,401,745,30153.05,7
5829,2024-04-23,513,13,187,403,284,34983.81,8
5839,2024-04-25,991,15,47,400,967,186003.99,14
5849,2024-04-27,838,4,143,400,565,124465.03,13
5868,2024-04-29,709,12,72,402,791,9563.37,9
5870,2024-05-01,30,12,60,402,92,92885.57,16
5872,2024-05-01,24,15,92,403,900,315221.63,7
5873,2024-05-01,33,1,72,402,733,203333.53,20
5876,2024-05-01,280,12,130,403,645,286753.43,5
5888,2024-05-04,425,15,198,401,682,25369.73,1
5894,2024-05-04,520,11,103,403,26,150393.51,6
5898,2024-05-05,341,4,184,402,222,144210.53,12
5906,2024-05-06,479,13,71,402,963,209165.48,4
5912,2024-05-08,744,12,196,403,114,244686.18,9
5919,2024-05-09,915,1,100,401,935,68986.91,8
5941,2024-05-11,122,7,140,402,914,110783.39,20
5947,2024-05-12,668,14,175,402,662,49582.19,3
5951,2024-05-12,573,11,115,401,810,19115.81,6
5956,2024-05-13,230,11,156,400,280,110262.1,18
5958,2024-05-14,35,4,100,402,976,139071.31,10
5965,2024-05-15,683,13,44,402,485,146847.02,3
5966,2024-05-15,41,3,116,403,475,73475.96,9
5968,2024-05-16,410,11,22,402,297,193367.96,13
5975,2024-05-16,444,6,51,401,442,19062.54,12
5980,2024-05-17,189,14,182,403,422,187515.77,9
5981,2024-05-18,640,13,63,400,161,152890.19,11
6012,2024-05-23,833,13,61,401,59,14881.71,11
6017,2024-05-24,12,6,122,402,317,59614.75,1
6023,2024-05-25,32,1,105,401,501,35769.13,11
6026,2024-05-25,485,12,117,402,825,53000.74,9
6031,2024-05-26,703,3,110,403,128,238437.84,2
6032,2024-05-26,178,7,162,402,717,177168.48,17
6056,2024-06-01,148,8,84,400,415,8205.12,7
6057,2024-06-01,954,8,156,402,101,116078.93,14
6061,2024-06-01,157,10,146,400,627,49778.29,11
6071,2024-06-02,716,8,89,403,719,186479.93,16
6073,2024-06-02,410,8,158,400,524,127805.65,7
6079,2024-06-03,322,9,135,401,502,86791.69,18
6096,2024-06-04,312,10,69,401,891,112090.47,16
6101,2024-06-04,926,11,157,401,957,110407.49,17
6111,2024-06-06,129,12,158,402,75,55123.61,17
6134,2024-06-07,480,6,50,403,732,207563.91,4
6142,2024-06-08,571,12,106,401,609,21932.58,1
6146,2024-06-08,118,11,156,402,114,146243.84,19
6152,2024-06-09,680,2,38,401,52,19239.79,8
6154,2024-06-09,694,13,189,401,735,111753.88,9
6155,2024-06-09,743,15,85,402,147,37895.95,11
6159,2024-06-09,925,1,46,403,783,155238.46,19
6170,2024-06-10,866,12,19,400,116,18969.73,1
6173,2024-06-10,890,11,84,402,28,60419.14,2
6176,2024-06-10,746,5,15,402,602,91589.43,11
6181,2024-06-10,975,7,116,400,335,95531.83,16
6184,2024-06-11,603,13,137,402,585,111520.56,11
6190,2024-06-11,401,13,186,400,263,99048.54,13
6191,2024-06-11,841,13,29,400,137,24263.87,10
6193,2024-06-11,847,10,21,401,790,99565.18,1
6199,2024-06-12,398,14,139,401,74,47869.2,5
6205,2024-06-12,851,2,101,403,740,36153.18,17
6206,2024-06-12,585,15,196,403,264,252538.18,15
6213,2024-06-13,56,10,63,401,290,30950.23,20
6220,2024-06-13,71,3,21,400,567,175923.28,2
6233,2024-06-14,564,4,99,400,656,170570.28,17
6249,2024-06-15,379,13,28,402,968,176609.73,12
6255,2024-06-16,563,6,126,401,764,104614.15,6
6258,2024-06-16,67,14,98,400,692,54837.95,4
6262,2024-06-16,780,1,78,401,718,133208.19,6
6278,2024-06-17,818,14,133,402,761,39974.16,6
6285,2024-06-18,985,3,181,402,733,174017.91,18
6294,2024-06-19,269,8,51,403,273,60110.69,5
6309,2024-06-20,818,13,180,401,228,153511.05,10
6321,2024-06-21,389,13,157,401,123,96641.88,10
6322,2024-06-21,699,6,158,402,244,177838.65,15
6324,2024-06-22,236,13,57,403,184,77218.32,5
6326,2024-06-22,205,6,131,402,554,105889.82,17
6327,2024-06-22,921,13,117,401,879,102063.03,9
6332,2024-06-23,714,11,188,401,765,133863.71,10
6333,2024-06-23,515,9,160,400,659,60777.14,9
6334,2024-06-23,529,4,26,401,569,160313.95,10
6335,2024-06-23,236,1,151,403,771,271817.76,17
6346,2024-06-24,319,4,126,401,992,28204.18,6
6350,2024-06-24,566,10,169,403,807,19079.06,3
6352,2024-06-25,971,3,58,403,609,27098.31,16
6376,2024-06-26,581,1,194,402,820,161102.75,7
6380,2024-06-27,741,2,30,401,576,93240.54,18
6383,2024-06-27,697,7,95,400,878,131380.75,7
6388,2024-06-28,724,4,198,402,776,84774.43,1
6393,2024-06-28,606,9,104,401,374,46469.54,14
6395,2024-06-28,111,9,118,403,379,209468.35,12
6396,2024-06-28,611,2,163,400,172,50598.73,3
6407,2024-06-29,382,13,130,401,293,35078.02,14
6410,2024-06-29,952,14,86,401,264,139302.54,10
6411,2024-06-29,768,14,102,400,895,106315.98,3
6412,2024-06-29,473,8,169,400,856,86896.83,2
6440,2024-07-03,59,14,92,402,496,47705.2,16
6446,2024-07-03,187,9,33,403,953,217921.91,6
6449,2024-07-04,694,14,32,401,950,25759.37,10
6451,2024-07-04,939,14,25,403,868,247893.74,20
6456,2024-07-04,72,6,61,402,854,14702.59,17
6458,2024-07-04,49,9,83,400,580,91624.78,20
6474,2024-07-05,280,7,125,403,470,218757.24,5
6477,2024-07-06,785,2,195,402,253,195870.7,19
6486,2024-07-06,546,15,21,403,435,232256.26,18
6489,2024-07-07,862,12,28,400,699,193740.38,14
6490,2024-07-07,23,9,157,400,26,62672.04,11
6514,2024-07-08,753,5,132,403,678,143276.57,6
6521,2024-07-09,35,2,112,400,929,113407.55,16
6532,2024-07-09,229,10,200,402,7,73490.62,10
6536,2024-07-09,627,14,104,401,883,135050.75,19
6540,2024-07-10,137,4,72,400,320,127766.57,13
6543,2024-07-10,817,12,105,403,48,81628.74,16
6548,2024-07-10,797,14,37,401,40,32332.21,7
6556,2024-07-11,679,11,169,402,9,101577.32,12
6560,2024-07-11,782,5,79,403,301,88679.15,13
6585,2024-07-13,320,14,67,400,301,90081.37,13
6586,2024-07-13,568,9,196,400,169,185222.63,4
6593,2024-07-14,733,4,109,400,156,30730.4,4
6610,2024-07-15,359,12,181,401,502,134802.78,9
6613,2024-07-16,84,10,194,402,404,54207.33,4
6625,2024-07-17,372,9,14,403,313,17441.66,8
6631,2024-07-17,418,4,139,402,66,79903.42,4
6635,2024-07-18,721,15,71,401,195,47426.29,14
6642,2024-07-18,326,2,118,400,598,164260.3,5
6647,2024-07-19,967,12,72,400,640,74979.84,5
6661,2024-07-20,583,8,147,400,452,34676.76,5
6669,2024-07-21,250,12,98,401,465,137034.98,7
6676,2024-07-22,472,15,51,402,442,135786.75,14
6677,2024-07-22,517,6,99,402,947,113107.01,17
6680,2024-07-22,892,15,183,403,415,288624.6,18
6713,2024-07-25,364,11,28,402,44,53023.07,15
6717,2024-07-25,501,8,162,400,694,130658.0,19
6731,2024-07-26,779,14,138,401,889,121054.85,13
6734,2024-07-26,726,7,28,401,855,46859.4,12
6739,2024-07-27,625,10,96,400,413,186121.23,8
6742,2024-07-27,879,12,67,401,728,117688.88,20
6743,2024-07-27,921,10,114,400,617,88264.39,4
6754,2024-07-28,805,14,28,403,143,15537.22,11
6759,2024-07-28,871,12,26,400,651,20747.39,17
6761,2024-07-28,905,15,146,403,122,27265.33,13
6768,2024-07-28,610,14,116,402,180,147383.44,16
6771,2024-07-28,842,14,145,400,761,142946.26,19
6775,2024-07-29,97,15,101,400,514,164377.31,18
6786,2024-08-01,272,12,13,400,285,10373.81,14
6792,2024-08-01,236,3,73,401,278,38585.9,1
6809,2024-08-03,24,10,23,402,697,89913.65,20
6813,2024-08-03,880,8,183,400,915,31355.68,14
6817,2024-08-03,443,12,169,401,174,69341.19,8
6841,2024-08-05,484,2,53,402,819,192407.25,15
6845,2024-08-05,326,8,149,400,307,72088.4,10
6858,2024-08-06,311,2,36,402,206,38186.49,12
6859,2024-08-06,751,3,136,402,855,198507.18,4
6863,2024-08-06,966,2,130,400,482,79102.05,9
6869,2024-08-07,103,3,133,402,966,136725.13,18
6878,2024-08-08,395,13,8,400,271,122765.29,10
6899,2024-08-09,51,14,12,400,742,53841.65,17
6902,2024-08-09,899,9,148,402,857,18054.14,16
6907,2024-08-10,270,10,175,400,719,91976.27,10
6915,2024-08-10,27,10,109,401,31,157036.6,12
6918,2024-08-11,168,15,15,403,881,268810.48,12
6921,2024-08-11,886,6,95,402,459,71256.1,12
6931,2024-08-12,716,2,34,401,614,140649.16,6
6932,2024-08-12,164,3,31,402,93,212405.38,11
6938,2024-08-12,380,9,158,402,765,153662.01,2
6939,2024-08-12,360,13,81,402,972,180229.49,8
6960,2024-08-13,59,5,156,402,947,67480.02,1
6963,2024-08-14,894,15,22,402,620,154421.74,14
6967,2024-08-14,809,13,5,402,898,81847.4,14
6973,2024-08-15,606,9,67,400,988,89749.19,16
6974,2024-08-15,290,15,194,402,870,188206.41,19
7008,2024-08-18,857,14,145,403,712,50955.33,13
7011,2024-08-18,79,1,107,400,736,144645.76,6
7015,2024-08-18,237,4,11,403,400,39929.03,1
7025,2024-08-19,138,5,132,400,414,16605.87,20
7027,2024-08-19,120,11,131,403,351,241511.88,2
7029,2024-08-19,182,9,138,401,330,143731.57,12
7032,2024-08-19,310,2,105,403,678,102779.49,3
7037,2024-08-20,35,14,29,401,801,89998.32,12
7044,2024-08-21,148,6,173,401,91,139196.23,2
7045,2024-08-21,400,2,126,401,202,143908.83,11
7058,2024-08-22,47,14,171,403,131,52392.21,13
7086,2024-08-24,594,9,189,403,68,241612.14,18
7087,2024-08-24,120,4,49,400,505,7404.22,7
7091,2024-08-24,832,9,194,402,908,17853.16,8
7098,2024-08-25,911,14,160,403,642,222533.08,14
7115,2024-08-26,612,6,178,403,562,258051.45,12
7134,2024-08-27,329,3,170,402,196,141126.95,13
7139,2024-08-27,237,2,145,403,360,82698.09,16
7151,2024-08-28,947,4,46,403,879,221530.5,12
7163,2024-08-29,854,9,165,400,639,170531.2,2
7169,2024-08-29,378,13,169,403,595,156875.86,20
7177,2024-09-01,282,13,6,400,738,90198.61,2
7186,2024-09-02,957,6,143,403,850,103347.54,16
7194,2024-09-04,857,11,98,403,587,253941.57,15
7206,2024-09-05,383,5,157,401,278,69217.2,11
7215,2024-09-06,755,10,115,400,520,68884.56,15
7222,2024-09-07,679,5,156,403,716,181100.41,16
7233,2024-09-08,98,10,137,400,836,134780.22,12
7236,2024-09-08,849,14,144,403,947,172312.82,8
7237,2024-09-08,627,1,75,403,906,73743.24,5
7240,2024-09-08,918,15,58,402,584,146690.7,15
7241,2024-09-08,76,10,138,403,651,117548.15,18
7242,2024-09-08,490,14,171,401,639,162564.05,3
7243,2024-09-08,252,5,162,403,142,312515.12,15
7244,2024-09-08,724,8,151,401,819,105836.78,9
7250,2024-09-09,181,12,171,401,982,69925.99,11
7256,2024-09-10,547,13,118,400,558,32937.94,5
7257,2024-09-10,436,12,95,400,423,102701.8,3
7263,2024-09-10,681,7,41,401,993,94462.95,11
7271,2024-09-12,906,13,165,403,704,8487.05,9
7281,2024-09-13,158,13,171,400,486,36513.04,13
7286,2024-09-13,33,12,9,401,224,53290.35,5
7289,2024-09-14,552,4,44,401,740,164849.29,5
7293,2024-09-14,260,8,55,401,247,156947.97,11
7295,2024-09-15,341,15,196,400,745,38876.9,15
7311,2024-09-17,32,13,178,403,537,292266.7,3
7312,2024-09-17,368,11,42,400,103,58061.57,5
7321,2024-09-18,422,14,109,402,156,123586.66,12
7324,2024-09-18,713,6,19,401,404,15395.33,19
7341,2024-09-20,285,12,200,402,598,69557.99,7
7347,2024-09-20,67,10,152,401,979,31269.14,8
7349,2024-09-21,233,4,117,402,253,129865.48,9
7353,2024-09-21,624,3,25,403,8,283679.39,16
7356,2024-09-21,841,5,78,400,765,168167.35,16
7358,2024-09-22,182,8,34,403,357,150159.73,20
7369,2024-09-23,731,7,79,403,993,136326.43,7
7394,2024-09-27,293,3,37,401,484,148550.48,11
7398,2024-09-27,346,5,132,402,71,221968.75,6
7399,2024-09-28,870,8,188,403,566,272318.81,20
7401,2024-09-28,120,5,29,403,97,44573.47,4
7402,2024-09-28,1,12,125,402,360,96393.44,14
7415,2024-10-01,887,14,185,400,821,49192.09,7
7445,2024-10-05,823,8,144,401,52,71396.36,8
7450,2024-10-05,263,14,124,400,423,123585.97,9
7456,2024-10-06,866,10,75,403,745,33146.14,8
7461,2024-10-07,85,5,192,401,332,89874.34,10
7468,2024-10-08,269,3,94,402,665,35907.31,20
7484,2024-10-09,722,6,190,403,211,221864.77,19
7489,2024-10-10,900,10,21,400,962,43702.32,16
7490,2024-10-10,840,2,188,403,15,223836.21,1
7492,2024-10-10,237,15,45,403,616,196036.32,18
7495,2024-10-10,528,6,73,403,748,310243.15,12
7499,2024-10-11,828,8,161,403,837,148221.79,11
7509,2024-10-12,867,4,32,403,267,259621.85,5
7514,2024-10-13,992,2,93,403,707,163591.76,4
7524,2024-10-14,213,1,185,400,386,87561.19,12
7551,2024-10-18,82,15,197,401,790,16564.69,3
7552,2024-10-18,104,2,18,403,74,226876.75,8
7556,2024-10-18,518,11,12,403,514,182370.04,5
7560,2024-10-19,938,5,54,400,253,95258.5,10
7566,2024-10-19,386,14,45,401,800,96854.49,15
7568,2024-10-19,353,10,170,403,105,260657.7,7
7570,2024-10-20,305,4,76,400,698,96860.31,9
7583,2024-10-22,635,11,88,402,926,200987.58,13
7589,2024-10-23,657,12,39,403,114,197172.19,13
7593,2024-10-24,950,7,65,400,770,181237.19,8
7596,2024-10-24,462,14,190,400,109,81700.39,12
7599,2024-10-25,68,10,189,402,360,43705.57,5
7601,2024-10-25,441,10,40,402,957,127452.3,1
7609,2024-10-26,987,1,151,403,364,284848.99,8
7634,2024-10-29,845,13,4,402,192,158868.46,20
7637,2024-10-29,544,14,106,403,75,299918.42,8
7639,2024-10-29,695,6,42,400,60,159610.51,12
7641,2024-11-01,572,13,144,403,210,171143.22,19
7657,2024-11-03,527,2,92,400,914,123058.39,10
7658,2024-11-03,773,9,122,401,734,66719.36,14
7663,2024-11-03,763,9,74,400,404,31316.6,7
7664,2024-11-03,439,14,15,403,55,136961.47,5
7669,2024-11-04,333,6,83,403,819,202384.68,18
7675,2024-11-05,569,1,125,403,756,169339.04,5
7696,2024-11-08,476,11,67,403,330,246089.33,1
7699,2024-11-09,914,13,86,402,97,151405.39,10
7713,2024-11-10,547,8,149,402,946,105621.84,14
7715,2024-11-11,19,3,142,402,609,14032.19,14
7721,2024-11-11,271,15,17,400,88,163263.77,4
7732,2024-11-12,219,6,39,403,699,185277.06,12
7743,2024-11-14,994,15,121,400,511,161017.15,4
7753,2024-11-15,270,13,51,400,697,142418.68,10
7761,2024-11-17,373,12,67,400,480,142946.26,1
7769,2024-11-18,529,13,30,401,481,134873.5,20
7771,2024-11-18,97,1,100,403,486,123595.97,11
7772,2024-11-18,587,10,84,401,313,134784.87,13
7779,2024-11-19,707,8,45,402,91,150310.46,18
7788,2024-11-21,741,11,72,401,653,9690.85,7
7795,2024-11-22,824,5,42,402,608,202708.02,3
7802,2024-11-22,182,5,35,403,966,236733.68,13
7814,2024-11-25,693,5,165,403,766,281607.93,7
7821,2024-11-26,759,14,27,402,761,68664.27,3
7828,2024-11-27,951,15,193,403,775,245889.05,8
7833,2024-11-27,41,15,88,400,395,153632.47,17
7850,2024-11-29,921,9,22,400,482,129759.4,2
7860,2024-12-02,595,8,192,401,71,69217.2,12
7868,2024-12-02,123,13,141,401,192,75860.76,14
7891,2024-12-04,372,10,74,402,920,74898.19,20
7893,2024-12-04,251,4,105,402,524,127452.3,9
7896,2024-12-04,701,3,76,402,510,19350.29,16
7910,2024-12-06,365,4,40,400,690,11838.84,1
7916,2024-12-06,194,11,68,402,708,10412.43,18
7920,2024-12-06,157,13,147,401,286,14669.09,18
7922,2024-12-07,304,1,20,403,747,18444.24,9
7927,2024-12-07,746,5,100,401,288,73132.62,20
7928,2024-12-08,458,8,103,401,115,130781.06,6
7929,2024-12-08,774,5,75,403,37,265870.19,9
7930,2024-12-08,859,13,55,403,559,280939.62,6
7933,2024-12-08,790,2,73,401,44,108175.29,3
7948,2024-12-09,664,13,77,403,153,273722.2,11
7964,2024-12-11,442,7,127,402,152,49023.44,20
7969,2024-12-12,740,15,140,403,285,257449.9,9
7971,2024-12-12,729,3,151,401,20,55628.85,11
7975,2024-12-12,590,1,97,401,152,150304.41,20
7976,2024-12-12,924,13,125,400,172,164631.33,12
7985,2024-12-13,1000,8,22,401,159,168658.4,4
7987,2024-12-13,980,11,164,402,912,57022.7,17
7992,2024-12-14,89,3,17,401,538,77083.16,5
7993,2024-12-14,371,8,155,403,502,232790.82,6
7996,2024-12-14,107,10,71,402,932,112727.38,7
8007,2024-12-15,563,14,96,403,425,156842.36,10
8012,2024-12-15,84,2,9,402,746,170286.26,1
8015,2024-12-15,889,13,84,400,633,190731.71,18
8028,2024-12-17,704,12,34,400,110,63648.81,6
8032,2024-12-17,635,6,90,403,715,17642.18,2
8034,2024-12-17,688,13,101,401,458,79900.16,17
8061,2024-12-20,354,1,162,402,99,22567.85,1
8062,2024-12-20,727,8,175,402,403,24422.28,17
8071,2024-12-20,303,12,88,403,474,330692.09,9
8077,2024-12-21,431,8,125,403,371,156842.36,20
8078,2024-12-21,493,14,9,402,138,55078.94,5
8095,2024-12-23,986,11,28,400,481,102408.7,4
8098,2024-12-23,750,6,21,400,450,107097.34,15
8099,2024-12-23,494,6,70,402,473,200093.63,8
8104,2024-12-23,820,12,42,402,832,45895.2,13
8106,2024-12-24,557,5,88,402,915,208629.3,6
8110,2024-12-24,768,8,86,403,255,10257.97,6
8112,2024-12-24,897,8,175,402,845,73557.61,11
8117,2024-12-24,262,8,11,403,286,137997.09,20
8119,2024-12-24,348,8,62,400,696,140934.11,13
8132,2024-12-25,420,5,92,401,770,158754.94,16
8137,2024-12-25,611,8,15,400,415,119151.11,9
8144,2024-12-26,81,5,84,402,131,190463.27,4
8145,2024-12-26,263,3,147,400,569,93519.69,6
8147,2024-12-26,273,8,35,401,527,109255.8,3
8152,2024-12-27,268,9,198,401,777,73539.93,16
8153,2024-12-27,582,15,98,403,376,153066.51,5
8154,2024-12-27,230,11,41,401,606,44963.8,12
8158,2024-12-28,623,15,139,401,967,87252.27,20
8163,2024-12-28,110,9,174,403,596,22854.67,13
8168,2024-12-28,332,15,52,403,610,158045.23,9
8174,2024-12-29,208,2,23,403,101,105318.98,15
8181,2024-12-29,859,1,193,401,266,74496.69,16
8191,2025-01-02,733,15,44,402,167,94695.33,11
8203,2025-01-04,245,13,78,400,638,118174.35,9
8218,2025-01-06,641,1,185,401,927,171368.86,16
8231,2025-01-07,326,13,147,403,394,166131.24,2
8233,2025-01-07,451,6,72,401,563,76799.84,16
8239,2025-01-07,134,13,133,401,792,54884.94,2
8244,2025-01-08,736,2,113,400,301,16761.95,14
8245,2025-01-08,746,13,101,400,474,33543.68,13
8252,2025-01-08,572,9,20,401,345,132481.96,12
8255,2025-01-09,97,11,187,400,852,173520.34,4
8257,2025-01-09,251,7,50,400,772,123390.57,13
8258,2025-01-09,103,11,143,400,636,53099.37,10
8261,2025-01-10,180,12,57,401,898,93116.33,14
8269,2025-01-10,210,6,104,403,937,96263.87,20
8285,2025-01-13,843,4,87,402,17,149014.55,3
8297,2025-01-15,809,10,96,400,948,77754.03,10
8308,2025-01-16,180,11,108,402,479,221857.1,12
8337,2025-01-20,413,6,131,402,208,37203.45,4
8339,2025-01-21,116,4,16,403,783,90850.87,5
8341,2025-01-21,518,9,37,403,167,125600.9,13
8347,2025-01-22,422,11,76,401,613,161146.72,7
8352,2025-01-22,130,7,147,401,670,125413.18,5
8356,2025-01-23,727,2,78,400,304,178228.52,17
8361,2025-01-23,246,13,98,400,782,179517.92,17
8372,2025-01-25,383,14,143,401,3,136964.03,17
8376,2025-01-25,477,7,185,403,48,31876.28,19
8392,2025-01-27,973,8,6,401,815,145574.14,12
8397,2025-01-28,154,14,137,403,572,192661.5,19
8401,2025-01-28,310,8,77,400,885,75038.46,16
8407,2025-01-29,414,14,48,402,441,46833.82,9
8427,2025-02-02,793,5,15,403,236,30539.89,12
8430,2025-02-02,519,2,28,400,200,48176.25,4
8434,2025-02-03,875,12,40,402,241,186061.45,7
8438,2025-02-04,987,5,72,400,777,138824.04,12
8439,2025-02-04,419,5,176,400,748,6622.85,9
8445,2025-02-04,400,8,141,400,105,56068.73,20
8450,2025-02-05,649,4,44,402,571,129954.8,2
8458,2025-02-06,364,9,42,400,259,138120.84,16
8461,2025-02-06,948,13,16,401,435,127220.15,12
8482,2025-02-08,928,12,58,400,132,57924.79,9
8485,2025-02-08,889,12,159,401,523,128920.82,14
8491,2025-02-08,60,7,184,402,241,130088.79,13
8506,2025-02-10,591,15,16,400,541,55248.29,15
8509,2025-02-10,939,10,191,401,603,52847.44,20
8516,2025-02-10,327,8,51,402,657,22813.5,1
8522,2025-02-11,627,8,12,400,995,157676.53,6
8525,2025-02-11,546,11,177,402,884,37449.09,2
8529,2025-02-11,924,3,160,403,389,9723.18,4
8534,2025-02-12,730,7,65,401,417,53999.13,6
8542,2025-02-12,469,15,25,403,740,159248.09,2
8544,2025-02-13,556,4,30,400,846,50891.83,7
8556,2025-02-14,555,13,106,401,17,6466.53,16
8557,2025-02-14,377,10,133,400,278,72948.16,17
8562,2025-02-14,533,1,54,402,55,42655.31,5
8575,2025-02-15,761,2,8,401,94,151686.16,12
8584,2025-02-16,85,11,66,401,354,96872.17,12
8595,2025-02-17,52,5,180,402,720,176833.28,17
8596,2025-02-17,565,7,183,400,797,37294.64,6
8604,2025-02-18,196,12,141,402,172,23550.9,4
8623,2025-02-20,363,12,186,402,944,145908.64,13
8627,2025-02-20,15,7,156,403,237,145047.49,3
8641,2025-02-21,836,15,74,402,648,205590.39,19
8646,2025-02-21,670,8,38,401,520,113525.49,18
8652,2025-02-22,910,14,41,402,919,176721.39,12
8661,2025-02-23,60,4,127,400,946,160938.99,4
8673,2025-02-24,317,9,99,400,561,157950.09,13
8706,2025-03-01,470,3,182,401,774,9389.61,1
8710,2025-03-01,226,13,162,401,899,5704.71,8
8717,2025-03-02,335,5,192,401,736,14775.4,14
8720,2025-03-02,554,8,89,401,873,85268.04,9
8722,2025-03-03,465,6,109,403,784,254943.91,14
8729,2025-03-03,895,6,138,400,938,94418.29,13
8736,2025-03-04,493,7,110,403,194,74411.55,6
8752,2025-03-06,518,9,15,403,766,4043.13,17
8754,2025-03-06,746,4,183,402,468,39795.27,17
8755,2025-03-06,101,15,155,400,535,157676.53,7
8756,2025-03-06,100,6,121,400,380,80469.61,4
8760,2025-03-07,99,1,160,403,434,323708.68,6
8766,2025-03-07,417,9,31,401,795,77136.43,14
8772,2025-03-08,153,11,110,401,731,36796.6,10
8773,2025-03-08,773,12,87,402,678,19528.94,20
8786,2025-03-09,726,3,77,402,927,83769.06,19
8796,2025-03-10,115,4,46,402,363,39750.61,16
8812,2025-03-11,568,11,200,401,952,109255.8,8
8814,2025-03-12,530,3,139,401,577,148816.13,8
8820,2025-03-13,289,7,100,402,204,135809.09,11
8824,2025-03-14,460,4,43,401,473,161961.58,13
8838,2025-03-16,992,13,98,400,528,172270.02,8
8839,2025-03-16,759,7,117,400,93,195303.11,14
8845,2025-03-17,562,6,150,400,845,134780.22,1
8846,2025-03-17,831,4,136,403,659,227277.78,5
8847,2025-03-17,142,3,197,401,540,134962.13,4
8855,2025-03-18,404,15,173,401,751,2037.26,11
8860,2025-03-19,50,15,104,401,743,4074.76,10
8866,2025-03-19,655,10,20,401,676,151402.83,8
8872,2025-03-20,474,9,40,403,307,87442.79,5
8873,2025-03-20,161,2,73,403,376,247893.74,18
8876,2025-03-20,209,8,188,403,458,254409.36,5
8880,2025-03-21,381,13,68,403,175,270882.17,11
8884,2025-03-21,659,6,58,402,951,35527.44,10
8893,2025-03-22,561,15,133,402,764,99253.71,8
8899,2025-03-23,893,6,65,401,217,166337.58,8
8901,2025-03-23,645,11,49,400,289,115830.03,3
8920,2025-03-25,152,9,153,403,208,265836.7,18
8922,2025-03-25,817,3,9,403,850,30940.69,9
8923,2025-03-25,472,13,71,400,516,159923.15,3
8929,2025-03-26,688,4,185,401,149,99937.14,4
8953,2025-03-29,541,12,62,403,971,190756.83,10
8956,2025-03-29,142,6,23,403,477,118216.46,5
8960,2025-03-29,992,5,122,403,217,105285.48,17
8969,2025-04-01,835,11,74,403,928,177090.79,10
8976,2025-04-02,119,8,12,403,923,190790.33,7
8982,2025-04-02,652,8,53,403,872,198141.28,19
8987,2025-04-03,311,6,134,400,304,35028.48,20
8993,2025-04-04,412,10,185,402,577,187916.11,7
8997,2025-04-04,598,10,153,403,460,328921.17,11
8999,2025-04-04,900,13,154,402,133,47258.34,1
9021,2025-04-06,651,15,64,402,864,159985.49,4
9038,2025-04-09,928,1,78,403,875,156073.79,9
9040,2025-04-09,420,2,195,402,190,53045.4,2
9048,2025-04-10,875,7,103,402,382,113330.56,20
9052,2025-04-10,396,14,160,402,112,186999.83,10
9055,2025-04-10,118,4,131,402,218,133619.22,4
9069,2025-04-12,994,2,10,402,243,193412.63,20
9072,2025-04-12,605,8,180,401,348,160438.16,3
9073,2025-04-12,835,14,174,400,919,174692.5,9
9074,2025-04-12,586,10,2,403,455,155438.98,14
9076,2025-04-12,344,11,164,403,419,276194.92,5
9082,2025-04-13,395,4,85,402,75,191960.4,16
9094,2025-04-14,400,11,96,402,567,83634.84,8
9097,2025-04-14,988,15,92,402,881,36443.72,4
9104,2025-04-15,57,14,200,400,900,78496.32,20
9105,2025-04-15,943,8,148,402,657,40510.34,2
9111,2025-04-15,668,5,57,400,253,110301.18,18
9115,2025-04-16,678,2,73,402,537,121106.5,6
9122,2025-04-16,934,13,122,401,791,51359.39,5
9123,2025-04-17,761,1,116,400,855,104948.42,18
9129,2025-04-17,679,2,186,403,184,213578.24,10
9137,2025-04-18,384,7,170,400,655,89866.43,7
9157,2025-04-20,321,11,173,401,390,150410.72,15
9161,2025-04-20,976,10,139,401,64,138346.01,4
9164,2025-04-21,224,13,148,402,527,129619.6,8
9168,2025-04-21,943,13,18,402,474,73781.16,17
9170,2025-04-21,232,11,31,401,387,33023.08,20
9175,2025-04-22,749,15,64,400,858,178267.6,18
9177,2025-04-22,712,3,8,402,251,193747.83,2
9183,2025-04-22,506,14,181,403,960,40062.55,9
9189,2025-04-23,955,14,79,403,764,296677.36,17
9191,2025-04-23,513,6,72,400,604,162931.82,11
9202,2025-04-24,635,14,149,403,683,329890.25,4
9205,2025-04-24,1000,2,146,403,275,289794.21,5
9212,2025-04-25,946,11,188,403,459,271717.5,20
9214,2025-04-25,185,3,156,402,937,25293.9,2
9215,2025-04-26,624,6,91,401,90,118025.48,14
9222,2025-04-27,896,12,5,401,17,136769.1,8
9223,2025-04-27,295,9,97,402,902,133820.44,5
9234,2025-04-28,610,3,170,401,696,134696.48,16
9237,2025-04-29,723,1,97,400,280,120753.15,14
9240,2025-04-29,796,14,19,403,457,210069.9,10
9247,2025-05-02,430,3,83,400,383,127082.9,20
9271,2025-05-04,931,7,46,403,731,213244.2,4
9281,2025-05-06,786,8,71,401,651,111240.02,12
9284,2025-05-06,268,5,103,403,539,58874.33,4
9287,2025-05-07,978,5,186,400,451,75233.86,4
9292,2025-05-07,637,1,116,402,679,29628.73,10
9297,2025-05-07,512,3,68,401,597,164105.38,2
9298,2025-05-08,69,7,68,402,295,215757.17,15
9309,2025-05-09,197,15,119,402,339,160298.36,7
9318,2025-05-10,597,9,25,402,155,167068.69,7
9319,2025-05-10,593,3,40,402,521,141640.81,15
9322,2025-05-10,40,1,4,402,913,44331.32,11
9326,2025-05-11,168,10,13,400,810,108738.45,20
9329,2025-05-11,153,10,155,403,112,288323.83,11
9337,2025-05-12,585,8,70,403,234,26998.05,13
9349,2025-05-13,49,7,60,401,359,88279.98,17
9350,2025-05-13,190,5,46,400,870,20337.05,4
9351,2025-05-13,618,1,163,403,412,244118.13,16
9355,2025-05-13,106,6,54,402,916,80439.6,5
9385,2025-05-17,948,1,77,400,492,22036.79,15
9387,2025-05-18,283,7,140,403,205,278700.91,19
9395,2025-05-19,381,14,134,401,343,54123.12,1
9398,2025-05-19,536,5,60,402,420,56151.31,15
9402,2025-05-19,420,11,143,402,397,146064.96,12
9406,2025-05-20,68,11,138,401,518,170199.72,20
9415,2025-05-21,323,14,86,403,305,37757.08,16
9426,2025-05-22,440,10,98,401,771,49942.05,1
9438,2025-05-23,772,15,101,401,934,39790.62,11
9440,2025-05-24,225,13,155,401,971,95277.81,8
9445,2025-05-24,703,12,42,402,638,101443.34,2
9453,2025-05-25,494,5,160,403,722,14568.14,7
9462,2025-05-26,263,8,4,403,730,330424.81,6
9474,2025-05-27,341,15,146,401,79,23349.91,17
9476,2025-05-27,262,12,148,401,425,115474.36,15
9477,2025-05-28,739,6,152,401,509,64203.6,7
9484,2025-05-28,237,6,57,402,953,175671.35,8
9495,2025-05-29,659,2,51,401,855,80927.63,2
9498,2025-05-29,798,1,193,400,863,67575.62,8
9500,2025-06-01,259,5,163,403,819,61347.05,10
9502,2025-06-01,702,2,170,401,658,23119.62,18
9511,2025-06-01,538,1,43,401,546,128566.54,6
9522,2025-06-02,283,15,15,401,974,57825.69,10
9523,2025-06-02,959,6,182,400,505,113837.43,17
9525,2025-06-02,565,3,26,400,377,99849.44,20
9542,2025-06-03,720,2,174,400,633,172875.76,4
9543,2025-06-04,770,1,173,402,470,136188.95,3
9546,2025-06-04,145,15,14,401,424,39985.56,2
9549,2025-06-04,153,10,32,401,906,43954.01,4
9558,2025-06-05,403,2,199,403,144,313417.45,18
9560,2025-06-05,668,11,153,403,643,110865.51,16
9562,2025-06-05,587,9,32,402,84,7954.59,20
9569,2025-06-05,650,2,171,402,894,154935.83,1
9575,2025-06-06,649,2,187,402,359,55659.79,15
9584,2025-06-06,460,10,195,402,998,132971.15,9
9588,2025-06-07,711,3,125,403,184,48516.11,4
9592,2025-06-07,217,1,67,401,401,17804.78,18
9601,2025-06-08,924,4,44,400,184,119854.55,3
9604,2025-06-08,132,12,21,401,171,35644.91,13
9606,2025-06-08,125,1,1,401,396,68189.73,17
9625,2025-06-09,851,2,33,402,987,71166.77,20
9638,2025-06-10,852,9,60,400,139,36708.44,9
9665,2025-06-12,345,10,158,403,572,277264.03,17
9676,2025-06-12,466,3,62,401,143,45902.65,5
9683,2025-06-13,377,13,126,400,61,5255.29,18
9703,2025-06-14,690,6,85,400,996,51458.25,16
9713,2025-06-15,884,12,76,401,470,41969.78,5
9724,2025-06-16,476,3,88,402,909,55145.94,9
9733,2025-06-16,177,8,74,401,934,151455.87,16
9737,2025-06-17,858,2,187,400,595,23931.92,13
9738,2025-06-17,811,6,72,400,44,142379.6,12
9744,2025-06-17,207,13,100,403,345,98402.33,3
9746,2025-06-17,164,12,115,403,537,328019.08,4
9747,2025-06-17,648,6,30,401,377,72654.13,6
9748,2025-06-17,31,10,165,400,989,72967.7,18
9753,2025-06-18,687,2,119,401,324,114145.65,18
9754,2025-06-18,390,12,86,402,208,22121.0,18
9764,2025-06-18,55,1,97,402,700,215176.09,20
9777,2025-06-19,342,4,17,401,63,35467.89,3
9782,2025-06-19,184,6,196,402,684,182754.56,14
9791,2025-06-20,641,12,71,401,538,134200.3,7
9804,2025-06-21,238,8,109,403,244,242580.99,17
9819,2025-06-22,570,12,168,402,662,10099.55,18
9821,2025-06-22,534,12,182,403,35,246657.38,20
9824,2025-06-22,85,1,163,400,747,152851.11,3
9832,2025-06-23,175,12,45,400,471,21001.41,10
9834,2025-06-23,924,14,3,401,647,17840.14,2
9840,2025-06-23,649,14,80,400,579,9533.6,6
9848,2025-06-23,27,5,59,402,192,89578.45,14
9859,2025-06-24,425,8,159,402,73,208919.61,4
9867,2025-06-25,876,2,4,402,168,166063.32,15
9868,2025-06-25,866,9,73,401,791,80980.9,7
9885,2025-06-26,529,2,183,402,749,140791.75,12
9900,2025-06-27,127,11,45,402,150,66965.93,3
9904,2025-06-27,923,14,128,403,444,243182.54,10
9917,2025-06-28,570,4,40,400,147,93636.93,20
9929,2025-07-01,377,15,76,401,216,113773.46,16
9946,2025-07-02,859,12,170,402,784,145685.09,12
9948,2025-07-02,760,10,50,403,537,239640.71,10
9951,2025-07-02,977,2,85,403,161,41232.15,5
9966,2025-07-03,242,13,122,400,979,119835.01,7
9967,2025-07-03,227,5,116,402,694,10345.43,17
9970,2025-07-03,850,7,137,403,795,283078.07,8
9972,2025-07-04,472,1,33,402,37,112772.04,8
9990,2025-07-05,860,1,3,400,248,147088.01,8
10005,2025-07-06,228,10,164,402,444,52844.42,9
10024,2025-07-07,250,15,121,400,217,183776.91,2
10038,2025-07-09,688,11,86,402,712,71412.65,8
10057,2025-07-10,214,5,57,403,308,90717.34,3
10069,2025-07-11,219,15,126,403,15,210537.7,6
10070,2025-07-11,582,3,151,400,167,21802.31,11
10075,2025-07-12,560,8,142,401,195,92779.73,8
10084,2025-07-12,464,9,191,402,624,91768.31,6
10086,2025-07-12,607,8,90,402,150,211310.45,2
10088,2025-07-12,142,15,35,403,624,68363.73,1
10109,2025-07-13,179,7,188,400,644,88244.85,17
10112,2025-07-14,789,14,52,401,360,35556.52,8
10136,2025-07-16,734,1,15,403,747,99772.21,19
10139,2025-07-16,932,7,54,403,987,8253.04,17
10144,2025-07-17,79,14,32,402,791,36890.58,7
10159,2025-07-17,929,5,154,401,590,28966.0,15
10169,2025-07-18,579,8,43,403,64,28033.9,7
10171,2025-07-18,735,1,74,402,13,208450.42,7
10192,2025-07-20,565,9,105,402,696,64977.28,12
10197,2025-07-21,881,9,108,402,93,117710.05,7
10201,2025-07-21,363,4,135,402,81,12959.82,10
10202,2025-07-21,425,15,178,400,232,6329.76,6
10215,2025-07-22,958,15,6,402,903,31103.29,16
10221,2025-07-22,176,9,67,403,119,55700.03,11
10238,2025-07-23,302,9,48,400,951,167151.5,3
10245,2025-07-23,220,5,173,402,403,162577.55,2
10254,2025-07-24,838,14,180,403,805,296009.05,5
10264,2025-07-24,70,4,143,403,353,172546.6,18
10275,2025-07-25,130,8,113,402,511,28891.33,2
10278,2025-07-25,95,14,17,401,270,166603.23,1
10305,2025-07-27,435,4,139,403,704,195434.77,9
10315,2025-07-28,676,8,121,401,818,18265.36,3
10323,2025-07-29,8,1,167,403,71,291965.92,5
10332,2025-07-29,725,12,39,402,127,160722.89,1
10341,2025-08-01,256,12,64,400,925,118018.03,14
10346,2025-08-02,403,13,200,402,908,137820.06,1
10352,2025-08-02,549,12,144,401,898,57028.51,16
10353,2025-08-02,635,5,149,400,424,139175.76,9
10354,2025-08-02,204,9,98,401,260,159977.35,17
10369,2025-08-03,358,7,128,403,876,52358.71,11
10379,2025-08-04,344,4,157,402,15,47571.21,1
10384,2025-08-04,878,7,60,400,555,166760.94,1
10386,2025-08-05,431,13,25,401,846,118928.96,6
10405,2025-08-05,725,5,105,402,493,169906.39,16
10417,2025-08-07,277,3,9,400,843,79434.0,2
10419,2025-08-07,960,15,52,400,680,188172.45,7
10426,2025-08-07,712,4,39,403,249,209902.65,17
10429,2025-08-07,875,1,92,400,273,185769.51,16
10434,2025-08-08,988,10,171,402,155,177168.48,9
10439,2025-08-08,925,10,145,400,342,82110.49,4
10443,2025-08-08,168,7,78,401,974,40977.67,9
10445,2025-08-08,975,12,29,400,833,54701.41,15
10458,2025-08-09,299,7,5,400,669,81485.45,12
10465,2025-08-09,741,7,191,401,29,123694.6,13
10474,2025-08-10,649,14,189,402,471,35639.33,5
10482,2025-08-10,327,4,47,403,251,9455.9,5
10492,2025-08-11,622,12,100,400,888,130052.27,7
10495,2025-08-11,498,12,181,403,985,225072.34,14
10503,2025-08-11,848,10,29,403,511,218991.25,6
10518,2025-08-12,795,13,67,402,204,174643.42,11
10527,2025-08-13,287,2,69,402,54,23461.57,10
10547,2025-08-14,42,4,198,403,827,210771.48,12
10548,2025-08-14,629,1,187,401,158,15590.26,7
10571,2025-08-15,783,5,132,401,957,87057.57,12
10576,2025-08-15,426,2,198,403,402,232390.02,6
10588,2025-08-16,26,4,128,403,126,191525.4,15
10591,2025-08-17,92,3,174,400,331,60933.46,20
10612,2025-08-18,197,15,112,403,208,116880.07,20
10619,2025-08-19,946,11,70,401,536,7795.25,17
10622,2025-08-19,84,15,21,401,502,69784.09,7
10627,2025-08-20,697,9,190,402,548,157080.79,17
10633,2025-08-20,394,11,64,403,541,95495.31,1
10638,2025-08-21,978,8,103,402,866,7261.85,14
10639,2025-08-21,90,13,172,400,823,115849.57,17
10652,2025-08-22,11,7,176,400,506,186101.69,20
10665,2025-08-23,684,7,21,402,409,147919.62,8
10667,2025-08-23,200,8,139,402,50,90695.71,14
10672,2025-08-23,60,10,51,403,367,221263.22,7
10678,2025-08-23,897,2,164,401,494,106244.1,14
10679,2025-08-23,136,14,178,403,734,94526.45,17
10694,2025-08-25,360,10,92,403,153,286853.69,2
10696,2025-08-25,892,9,52,401,545,160792.44,18
10707,2025-08-26,497,13,105,402,634,212137.41,11
10710,2025-08-26,67,12,30,403,920,208198.73,9
10717,2025-08-27,96,5,127,403,365,255812.74,17
10719,2025-08-27,493,13,196,401,217,141464.02,16
10729,2025-08-28,588,6,157,402,241,205232.85,18
10731,2025-08-28,831,13,30,402,244,33158.93,3
10734,2025-08-28,622,9,129,402,568,222348.62,13
10737,2025-08-28,35,4,95,402,318,142422.87,4
10739,2025-08-28,311,12,37,400,682,165295.68,4
10742,2025-08-28,830,8,82,400,827,139800.8,9
10744,2025-08-28,291,15,192,402,266,149349.75,20
10785,2025-09-04,649,13,186,403,775,308338.47,3
10787,2025-09-05,150,13,23,400,986,22583.9,3
10806,2025-09-07,146,5,67,403,806,14234.1,5
10825,2025-09-09,793,5,44,400,150,84747.91,11
10844,2025-09-11,350,1,81,403,494,247927.24,5
10849,2025-09-11,280,14,167,402,206,7507.73,6
10852,2025-09-12,217,8,176,402,384,169683.08,5
10853,2025-09-12,215,14,135,403,662,46244.13,19
10862,2025-09-13,782,10,6,402,985,189301.34,3
10865,2025-09-13,741,7,101,403,778,307770.42,11
10904,2025-09-17,190,1,139,400,262,135288.02,5
10917,2025-09-19,140,6,179,401,478,120665.22,5
10918,2025-09-19,713,7,190,401,375,65744.92,4
10943,2025-09-22,74,10,73,400,929,121026.71,2
10950,2025-09-23,535,8,13,400,360,111102.31,2
10958,2025-09-23,456,2,199,402,174,36108.52,3
10962,2025-09-24,210,15,129,400,780,80508.69,16
10963,2025-09-24,887,15,143,400,151,123351.49,4
10972,2025-09-25,830,9,117,401,95,79138.34,17
10980,2025-09-26,921,11,95,400,900,105925.18,6
10983,2025-09-26,715,9,98,403,525,327116.76,20
10986,2025-09-27,767,9,57,401,929,100964.61,9
10987,2025-09-27,776,12,190,401,417,171262.55,8
10999,2025-09-29,925,3,191,403,202,71304.02,17
11000,2025-09-29,506,5,139,401,905,13163.13,20
11005,2025-09-29,431,4,9,402,491,128949.19,7
11007,2025-09-29,278,2,114,403,475,136426.68,15
11009,2025-10-01,724,7,15,401,669,114446.66,20
11012,2025-10-01,603,4,190,402,565,223242.33,20
11014,2025-10-01,29,6,22,402,463,171515.18,17
11032,2025-10-03,966,5,159,402,551,109018.06,3
11034,2025-10-03,545,6,200,401,784,37841.75,18
11037,2025-10-04,675,15,138,401,989,80307.71,13
11040,2025-10-04,69,11,124,400,37,148982.91,5
11041,2025-10-04,700,5,198,402,91,172699.43,4
11046,2025-10-05,54,7,200,400,848,22837.69,16
11061,2025-10-07,592,2,118,402,763,145662.76,20
11083,2025-10-10,818,12,26,401,518,10452.67,11
11098,2025-10-11,849,9,33,403,875,311679.79,18
11101,2025-10-11,591,6,179,403,180,160785.23,13
11104,2025-10-11,882,11,55,403,4,264633.83,7
11108,2025-10-11,682,15,129,402,749,41113.52,3
11109,2025-10-11,284,1,97,402,875,86115.24,7
11110,2025-10-11,516,3,92,402,760,136881.45,14
11111,2025-10-11,98,2,29,401,930,123729.96,2
11113,2025-10-12,280,6,26,401,676,109380.01,1
11122,2025-10-13,19,10,132,400,106,140132.98,20
11124,2025-10-13,856,14,158,402,563,120212.55,15
11132,2025-10-14,690,9,71,402,692,184832.53,15
11135,2025-10-14,175,13,177,400,173,185027.23,10
11136,2025-10-14,819,15,49,402,713,22612.52,10
11158,2025-10-16,582,1,94,403,795,313216.93,7
11169,2025-10-18,395,3,86,403,344,74745.59,10
11171,2025-10-18,141,4,34,402,143,6926.65,14
11172,2025-10-18,238,7,18,401,360,88014.09,19
11174,2025-10-18,292,12,79,402,964,145014.92,12
11179,2025-10-19,339,8,166,400,868,118604.23,4
11191,2025-10-20,36,10,63,402,483,132256.32,15
11193,2025-10-20,949,14,110,402,534,81065.34,14
11196,2025-10-20,595,4,100,403,624,202986.23,1
11199,2025-10-21,533,11,79,403,353,262261.6,4
11202,2025-10-21,79,7,180,401,41,110230.23,17
11204,2025-10-22,703,2,98,400,656,35340.88,16
11205,2025-10-22,973,5,41,402,580,138803.11,10
11219,2025-10-23,825,2,58,403,464,236900.7,17
11220,2025-10-23,771,1,54,400,942,158028.25,1
11221,2025-10-23,116,15,148,402,746,86696.08,6
11242,2025-10-25,831,11,37,402,363,125664.64,14
11250,2025-10-26,266,1,187,400,638,126633.49,19
11267,2025-10-28,405,9,132,400,939,174418.94,11
11270,2025-10-28,736,3,156,403,153,233358.87,3
11277,2025-10-28,521,9,99,401,264,161607.3,1
11281,2025-10-29,332,11,116,403,660,186246.15,18
11282,2025-10-29,280,1,124,401,582,110921.34,6
11285,2025-10-29,115,8,115,402,620,52419.89,12
11298,2025-11-02,768,14,21,401,241,151845.74,16
11304,2025-11-02,841,8,78,401,716,62609.0,16
11305,2025-11-02,72,2,11,403,77,33513.67,7
11312,2025-11-04,333,11,140,401,989,52882.8,7
11317,2025-11-04,727,14,166,400,807,51145.61,19
11320,2025-11-04,682,5,169,401,249,90494.5,3
11342,2025-11-06,284,7,32,401,564,176435.73,6
11349,2025-11-07,348,4,85,403,65,292333.46,8
11355,2025-11-08,77,14,169,403,302,178594.43,19
11362,2025-11-09,80,6,77,402,357,183826.92,19
11370,2025-11-09,249,8,37,402,378,188251.08,3
11373,2025-11-10,586,5,66,400,991,58725.69,4
11376,2025-11-10,114,2,14,401,41,138983.62,1
11385,2025-11-11,708,15,60,402,15,94315.47,6
11386,2025-11-11,162,5,65,400,15,119913.17,19
11392,2025-11-12,737,10,10,403,984,265970.45,2
11397,2025-11-12,637,4,102,403,761,121056.72,6
11407,2025-11-14,950,5,76,403,911,290863.32,19
11413,2025-11-15,29,3,91,402,826,158957.79,1
11428,2025-11-16,985,5,133,401,999,159959.67,2
11433,2025-11-16,97,8,183,401,79,89236.5,9
11443,2025-11-18,301,8,135,401,219,89608.69,13
11449,2025-11-18,404,2,132,403,698,269779.56,12
11457,2025-11-19,131,8,146,401,12,73752.55,4
11460,2025-11-19,377,2,80,400,12,170296.96,20
11467,2025-11-20,492,3,118,403,697,200714.03,1
11472,2025-11-21,490,2,8,401,695,22853.97,17
11474,2025-11-21,308,1,101,400,949,192743.85,20
11494,2025-11-23,460,7,14,403,394,84368.75,9
11500,2025-11-25,590,10,50,403,311,248628.81,19
11507,2025-11-26,464,11,128,402,937,48911.79,6
11510,2025-11-26,695,14,61,402,878,198842.38,4
11521,2025-11-27,190,10,187,403,244,208499.5,17
11527,2025-11-28,374,3,110,403,405,16406.05,18
11529,2025-11-28,179,5,23,402,744,81065.34,18
11531,2025-11-28,126,12,149,400,552,139468.86,2
11532,2025-11-28,136,13,181,402,179,146199.18,15
11544,2025-12-01,61,15,77,401,197,49339.57,19
11548,2025-12-01,702,7,117,403,695,241077.35,6
11554,2025-12-02,65,9,78,402,479,46565.61,3
11556,2025-12-02,663,2,64,403,73,219225.03,8
11560,2025-12-02,256,13,71,401,531,133172.83,5
11561,2025-12-02,5,7,188,403,987,133820.44,10
11565,2025-12-02,589,10,45,403,691,18410.75,1
11571,2025-12-03,473,5,176,400,801,36473.96,13
11576,2025-12-03,389,2,37,400,58,118760.55,14
11580,2025-12-03,870,6,16,401,687,123163.07,8
11588,2025-12-04,184,15,151,400,148,139898.5,6
11590,2025-12-04,261,15,36,400,567,94144.96,19
11593,2025-12-04,60,14,184,401,976,29249.56,3
11597,2025-12-05,931,8,121,403,867,216150.99,16
11608,2025-12-05,310,15,19,402,603,203892.28,6
11616,2025-12-05,330,3,98,400,1,12034.23,15
11619,2025-12-05,914,6,80,401,716,31747.41,14
11622,2025-12-06,77,8,28,401,350,3383.89,16
11627,2025-12-06,939,11,127,401,965,70209.32,18
11628,2025-12-06,723,7,17,403,681,55700.03,4
11634,2025-12-06,309,8,21,402,549,45627.23,3
11686,2025-12-09,290,8,90,400,497,122667.59,14
11689,2025-12-10,393,10,149,403,25,247626.47,13
11704,2025-12-11,988,13,120,401,618,37381.17,5
11709,2025-12-11,966,7,5,400,998,89827.35,11
11722,2025-12-12,482,9,119,401,17,74815.61,16
11736,2025-12-13,403,7,138,403,530,81361.47,17
11741,2025-12-13,418,2,77,400,189,140367.46,8
11748,2025-12-14,863,6,67,403,276,149391.16,16
11751,2025-12-14,543,8,116,401,472,14917.06,4
11752,2025-12-14,67,12,189,401,650,63707.42,12
11754,2025-12-15,122,10,69,400,687,71619.68,9
11771,2025-12-16,439,10,49,403,93,180599.36,18
11774,2025-12-16,585,6,107,403,488,268342.68,17
11787,2025-12-16,364,2,95,401,342,31056.53,17
11788,2025-12-17,456,14,143,400,192,183640.13,2
11793,2025-12-17,484,14,63,401,274,3915.19,20
11810,2025-12-18,370,2,9,400,708,77304.62,12
11816,2025-12-18,193,12,163,400,594,166135.66,7
11818,2025-12-19,770,13,132,402,143,62586.44,1
11820,2025-12-19,416,11,80,402,796,47459.32,11
11827,2025-12-19,991,5,133,403,440,261660.05,6
11831,2025-12-20,533,14,31,401,298,15147.35,5
11835,2025-12-20,419,8,75,403,1000,91886.71,9
11840,2025-12-20,262,15,136,403,573,176054.94,2
11848,2025-12-21,967,12,170,402,509,190597.26,9
11853,2025-12-21,285,1,100,401,261,59685.93,4
11854,2025-12-21,727,9,53,400,313,87053.15,10
11859,2025-12-22,987,8,33,402,533,24310.62,8
11862,2025-12-22,573,10,54,401,763,169101.3,6
11870,2025-12-23,500,10,19,400,541,91566.16,2
11871,2025-12-23,434,7,161,403,279,52392.21,4
11878,2025-12-23,986,13,29,400,608,139586.1,9
11893,2025-12-24,95,7,193,401,887,108564.92,1
11904,2025-12-24,589,14,174,403,963,60177.45,5
11908,2025-12-25,887,2,67,403,253,55967.31,3
11909,2025-12-25,264,11,7,401,787,158560.24,3
11914,2025-12-25,875,4,18,402,138,104415.26,20
11922,2025-12-25,598,8,151,401,148,39028.8,18
11925,2025-12-25,724,9,170,402,437,199132.92,13
11929,2025-12-25,691,1,61,400,889,23248.03,15
11932,2025-12-25,165,7,45,400,138,102096.06,12
11933,2025-12-25,876,13,26,403,314,84602.53,6
11937,2025-12-26,589,6,16,400,660,183249.33,12
11938,2025-12-26,261,1,32,400,538,164182.14,10
11939,2025-12-26,383,14,146,400,398,87443.95,8
11941,2025-12-26,343,7,24,403,906,85003.56,11
11945,2025-12-26,495,5,133,401,311,139160.87,12
11953,2025-12-26,229,8,140,402,233,71792.51,2
11954,2025-12-26,339,12,136,402,810,5250.88,8
11964,2025-12-27,570,7,49,400,203,195185.87,6
11969,2025-12-27,959,4,74,403,273,102946.51,11
11972,2025-12-27,401,13,196,402,501,76931.5,16
11987,2025-12-28,217,13,12,402,901,20221.67,8
11988,2025-12-28,671,2,155,401,854,172697.57,4
11998,2025-12-29,564,10,89,400,655,149139.23,10
11999,2025-12-29,205,6,30,400,360,28972.05,4
